UID,CONTINENT,REGION_WB,WB_NAME,FORMAL_EN,NAME_EN,INCOME_GRP,cropland_area,cum_2030,cum_2040,cum_2050,cum_2060,cum_2075,cum_2080,cum_2100,25_50,50_75,75_100,30_40,40_50,50_60
12,Africa,Sub-Saharan Africa,Ethiopia,Federal Democratic Republic of Ethiopia,Ethiopia,5. Low income,13.232236126114623,0.0,285847.38558421406,20125840.933959335,98092207.18955907,338628993.25157934,442915457.86094034,871686536.2372614,2012.5840933959335,31850.315231762004,53305.75429856821,28.584738558421407,1983.9993548375123,7796.636625559974
13,Africa,Sub-Saharan Africa,South Sudan,Republic of South Sudan,South Sudan,5. Low income,0.3087911650817516,0.0,2551.722334076777,179660.7574293545,875656.3414876568,3022896.8625337267,3953848.5322218672,7781432.033337032,17.966075742935452,284.3236105104372,475.85351708033056,0.2551722334076777,17.710903509527775,69.59955840583024
14,Africa,Sub-Saharan Africa,Somalia,Federal Republic of Somalia,Somalia,5. Low income,0.9639361721468019,0.0,2451.1966717691266,172582.98239478582,841159.667415245,2903809.176097081,3798085.8001025287,7474880.807756218,17.25829823947858,273.12261937022953,457.10716316591373,0.24511966717691266,17.01317857230167,66.85766850204591
15,Africa,Sub-Saharan Africa,Kenya,Republic of Kenya,Kenya,5. Low income,4.735557194583501,0.0,68213.07874661729,4802722.157714488,23408195.38991233,80808596.990832,105694956.57066756,208014574.6905935,480.27221577144877,7600.587483311751,12720.597769976152,6.821307874661729,473.4509078967871,1860.5473232197844
17,Africa,Sub-Saharan Africa,Malawi,Republic of Malawi,Malawi,5. Low income,1.9658091826841901,0.0,37478.22578698561,2638753.57521388,12861135.257474586,44398565.483340174,58071846.626590766,114289185.30706918,263.87535752138797,4175.981190812629,6989.061982372901,3.7478225786985613,260.1275349426894,1022.2381682260707
18,Africa,Sub-Saharan Africa,Tanzania,United Republic of Tanzania,Tanzania,5. Low income,12.705412206454069,0.0,117156.69070843505,8248726.559901933,40203825.391396396,138789627.71060917,181532215.87297505,357267251.93562764,824.8726559901933,13054.090115070723,21847.762422501848,11.715669070843505,813.1569869193498,3195.509883149446
78,Africa,Sub-Saharan Africa,Zambia,Republic of Zambia,Zambia,4. Lower middle income,3.4010544603352044,0.0,61991.59688199527,4364682.278059873,21273213.861768205,73438320.93935056,96054880.68538098,189042276.0083739,436.4682278059873,6907.363866129069,11560.395506902332,6.199159688199527,430.2690681177878,1690.8531583708332
85,Africa,Sub-Saharan Africa,Eritrea,State of Eritrea,Eritrea,5. Low income,0.24762511072005755,0.0,1148.6848711567234,80876.19536171996,394185.9889560588,1360789.0822164745,1779866.8496005032,3502894.156335588,8.087619536171996,127.99128868547545,214.21050741191135,0.11486848711567234,7.972751049056323,31.330979359433883
104,Africa,Sub-Saharan Africa,Zimbabwe,Republic of Zimbabwe,Zimbabwe,5. Low income,4.986351145003578,0.0,30814.704980430204,2169590.7751456858,10574462.380503315,36504628.17262082,47746839.23507877,93968896.70572408,216.95907751456858,3433.503739747513,5746.426853310326,3.0814704980430205,213.87760701652556,840.487160535763
118,Africa,Sub-Saharan Africa,Mozambique,Republic of Mozambique,Mozambique,5. Low income,3.328726785118984,0.0,94492.17559496377,6652971.4506264785,32426205.498817272,111940118.76819178,146413951.3901191,288152214.78256476,665.2971450626478,10528.71473175653,17621.2096014373,9.449217559496377,655.8479275031515,2577.3234048190793
120,Africa,Sub-Saharan Africa,Burundi,Republic of Burundi,Burundi,5. Low income,0.3349223475729101,0.0,8574.983406034937,603744.3781005169,2942615.8549349415,10158350.729708295,13286784.812362732,26149259.921415135,60.37443781005169,955.4606351607779,1599.090919170684,0.8574983406034937,59.5169394694482,233.88714768344246
121,Africa,Sub-Saharan Africa,Rwanda,Republic of Rwanda,Rwanda,5. Low income,0.7355171060194965,0.0,12603.82112622779,887405.3496347431,4325163.34115583,14931111.755227488,19529397.456307758,38435129.14564944,88.7405349634743,1404.3706405592745,2350.4017390421955,1.260382112622779,87.48015285085154,343.7757991521087
128,Africa,Sub-Saharan Africa,Uganda,Republic of Uganda,Uganda,5. Low income,4.716126520544364,0.0,71892.92589090133,5061811.525055671,24670982.27097923,85167926.46744002,111396814.50243677,219236203.33878878,506.1811525055671,8010.611494238435,13406.827687134875,7.189292589090133,498.991859916477,1960.9170745923557
167,Africa,Sub-Saharan Africa,Madagascar,Republic of Madagascar,Madagascar,5. Low income,1.6914452438204324,0.0,74201.45420509289,5224349.564534337,25463183.456362918,87902723.62967311,114973838.21099843,226276019.51863778,522.4349564534338,8267.837406513878,13837.329588896466,7.4201454205092885,515.0148110329244,2023.883389182858
180,Seven seas (open ocean),Sub-Saharan Africa,Seychelles,Republic of Seychelles,Seychelles,3. Upper middle income,0.0,0.0,0.0,0.0,0.0,0.0,0.0,0.0,0.0,0.0,0.0,0.0,0.0,0.0
202,Seven seas (open ocean),Sub-Saharan Africa,Mauritius,Republic of Mauritius,Mauritius,3. Upper middle income,0.0,0.0,0.0,0.0,0.0,0.0,0.0,0.0,0.0,0.0,0.0,0.0,0.0,0.0
203,Africa,Sub-Saharan Africa,Comoros,Union of the Comoros,Comoros,5. Low income,0.0,0.0,0.0,0.0,0.0,0.0,0.0,0.0,0.0,0.0,0.0,0.0,0.0,0.0
28,Africa,Sub-Saharan Africa,"Congo, Rep. of",Republic of the Congo,Republic of the Congo,4. Lower middle income,0.1388941780570613,0.0,10834.259373432038,762814.67588484,3717915.4639880974,12834801.118623164,16787492.88247064,33038881.942618698,76.28146758848399,1207.1986442738325,2020.4080823995535,1.0834259373432038,75.1980416511408,295.51007881032575
29,Africa,Sub-Saharan Africa,"Congo, Democratic Republic of",Democratic Republic of the Congo,Democratic Republic of the Congo,5. Low income,3.0910198487383056,0.0,152354.73747044502,10726938.102297079,52282487.88673581,180486980.00607014,236070965.51220694,464603071.71787447,1072.6938102297079,16976.004190377305,28411.609171180433,15.235473747044502,1057.4583364826635,4155.554978443873
82,Africa,Sub-Saharan Africa,Central African Republic,Central African Republic,Central African Republic,5. Low income,0.20764870973791472,0.0,6232.219099597588,438795.86307124555,2138666.148437968,7382995.912685174,9656713.04058414,19005041.68998052,43.879586307124555,694.4200049613928,1162.2045777295348,0.6232219099597588,43.256364397164795,169.98702853667223
98,Africa,Sub-Saharan Africa,Angola,People's Republic of Angola,Angola,3. Upper middle income,2.4990938215683816,0.0,112286.27264465662,7905811.899223294,38532478.78511032,133019888.86104497,173985589.40205675,342414998.3690417,790.5811899223294,12511.407696182168,20939.51095079967,11.228627264465663,779.3525626578637,3062.6666885887025
110,Africa,Sub-Saharan Africa,Chad,Republic of Chad,Chad,5. Low income,4.897240573428541,0.0,73181.07450493546,5152507.033962864,25113027.03721185,86693931.21797249,113392777.94989596,223164389.70729914,515.2507033962864,8154.142418400963,13647.045848932665,7.318107450493546,507.9325959457929,1996.0520003248985
141,Africa,Sub-Saharan Africa,Cameroon,Republic of Cameroon,Cameroon,4. Lower middle income,1.7266749987491399,0.0,42008.91029675863,2957748.3968012244,14415897.924744977,49765839.111361384,65092061.976709425,128105427.42184736,295.77483968012245,4680.809071456016,7833.958831048597,4.200891029675863,291.5739486504466,1145.8149527943754
142,Africa,Sub-Saharan Africa,Gabon,Gabonese Republic,Gabon,3. Upper middle income,0.0030775853510191255,0.0,241.9772115058094,17037.04533961601,83037.59265689236,286658.2087310925,374939.4006419345,737905.2179006486,1.7037045339616008,26.96211633914765,45.12470091695561,0.024197721150580942,1.67950681281102,6.600054731727636
159,Africa,Sub-Saharan Africa,Equatorial Guinea,Republic of Equatorial Guinea,Equatorial Guinea,2. High income: nonOECD,1.5978027937821871e-06,0.0,0.0,0.0,0.0,0.0,0.0,0.0,0.0,0.0,0.0,0.0,0.0,0.0
204,Africa,Sub-Saharan Africa,São Tomé and Príncipe,Democratic Republic of São Tomé and Principe,São Tomé and Príncipe,4. Lower middle income,0.0,0.0,0.0,0.0,0.0,0.0,0.0,0.0,0.0,0.0,0.0,0.0,0.0,0.0
83,Africa,Sub-Saharan Africa,Sudan,Republic of the Sudan,Sudan,4. Lower middle income,15.603686941056752,0.0,30602.054463165838,2154618.5532509857,10501488.620201709,36252711.820723854,47417341.02740401,93320422.72215277,215.46185532509858,3409.8093267472873,5706.771090142892,3.060205446316584,212.401649878782,834.6870066950723
33,Africa,Sub-Saharan Africa,Namibia,Republic of Namibia,Namibia,3. Upper middle income,0.5021300033981831,0.0,2410.515774835715,169718.7362899656,827199.4943582356,2855616.567495895,3735051.471295812,7350825.133549385,16.97187362899656,268.589783120593,449.5208566053489,0.2410515774835715,16.730822051512988,65.748075806827
34,Africa,Sub-Saharan Africa,South Africa,Republic of South Africa,South Africa,3. Upper middle income,7.124546422874153,0.0,9053.25083333898,637418.0608111091,3106739.4745204146,10724930.049935373,14027851.714588907,27607727.964597378,63.741806081110916,1008.7511989124263,1688.2797914662003,0.9053250833338979,62.836480997777024,246.9321413709305
103,Africa,Sub-Saharan Africa,Botswana,Republic of Botswana,Botswana,3. Upper middle income,0.24673109190795076,0.0,120.30975756657456,8470.726568442711,41285.840841350655,142524.90712778663,186417.83708754298,366882.4734374048,0.8470726568442711,13.405418055934392,22.435756630961816,0.012030975756657456,0.8350416810876137,3.2815114272907944
119,Africa,Sub-Saharan Africa,eSwatini,Kingdom of eSwatini,eSwatini,4. Lower middle income,0.09336673106761476,0.0,261.1945597005621,18390.093548014465,89632.27288074985,309424.03273488407,404716.34107872,796508.1806295632,1.8390093548014466,29.103393918686958,48.70841478946791,0.02611945597005621,1.8128898988313904,7.124217933273538
140,Africa,Sub-Saharan Africa,Lesotho,Kingdom of Lesotho,Lesotho,4. Lower middle income,0.23128408800399264,0.0,419.42429750601866,29530.676581811415,143930.84270198666,496870.82958423794,649890.5154868088,1279026.9617458368,2.9530676581811415,46.73401530024265,78.2156132161599,0.04194242975060187,2.9111252284305396,11.440016612017525
79,Africa,Sub-Saharan Africa,Sierra Leone,Republic of Sierra Leone,Sierra Leone,5. Low income,0.024661928714871103,0.0,2687.8718629233326,189246.72497353557,922377.803589127,3184186.3484975686,4164809.8141778903,8196617.608562889,18.92467249735356,299.4939623524033,501.243126006532,0.2687871862923333,18.655885311061226,73.31310786155915
80,Africa,Sub-Saharan Africa,Guinea,Republic of Guinea,Guinea,5. Low income,0.2744252843050029,0.0,16544.74362288937,1164876.4174171907,5677541.587577234,19599724.045661923,25635787.01952138,50452902.45385544,116.48764174171907,1843.4847628244731,3085.3178408193517,1.654474362288937,114.83316737943015,451.2665170160043
81,Africa,Sub-Saharan Africa,Liberia,Republic of Liberia,Liberia,5. Low income,0.0006522529549301334,0.0,21.75068129906844,1531.4142234872,7464.026064613815,25766.93607249929,33702.295183406815,66328.31713200947,0.15314142234872,2.423552184901209,4.056138105951018,0.002175068129906844,0.15096635421881316,0.5932611841126615
92,Africa,Sub-Saharan Africa,Côte d'Ivoire,Republic of Ivory Coast,Ivory Coast,4. Lower middle income,1.1122729815353802,0.0,27743.35479268625,1953344.2448348117,9520489.057108648,32866154.376986355,42987836.55301602,84602868.7420454,195.33442448348117,3091.2810132151544,5173.671436505905,2.774335479268625,192.56008900421256,756.7144812273837
94,Africa,Sub-Saharan Africa,Mali,Republic of Mali,Mali,5. Low income,5.12657482952839,0.0,61929.76650973964,4360328.947227893,21251995.97421079,73365073.61310162,95959075.61939675,188853725.3840062,436.03289472278937,6900.474466587372,11548.865177090458,6.192976650973963,429.83991807181536,1689.1667026982896
95,Africa,Sub-Saharan Africa,Senegal,Republic of Senegal,Senegal,4. Lower middle income,2.863567768289368,0.0,17470.49218159837,1230056.192279712,5995224.113309362,20696411.712750528,27070218.004106693,53275956.27650425,123.00561922797121,1946.6355520470818,3257.954456375372,1.747049218159837,121.25857000981136,476.516792102965
96,Africa,Sub-Saharan Africa,Nigeria,Federal Republic of Nigeria,Nigeria,4. Lower middle income,27.256879120013068,0.0,679777.7649908782,47861550.808615625,233274483.97003308,805298462.7555822,1053303599.0840591,2072970246.5703762,4786.155080861562,75743.69119469667,126767.1783814794,67.97777649908782,4718.177304362474,18541.293316141746
97,Africa,Sub-Saharan Africa,Benin,Republic of Benin,Benin,5. Low income,2.2222404859795915,0.0,58998.88846654012,4153972.7296479736,20246227.474095695,69893010.0884226,91417732.03570375,179916064.73551393,415.39727296479737,6573.903735877462,11002.305464709132,5.899888846654012,409.4973841181433,1609.225474444772
143,Africa,Sub-Saharan Africa,Niger,Republic of Niger,Niger,5. Low income,6.681380124247186,0.0,8813.313237217422,620524.6199851604,3024401.8021179973,10440688.0707695,13656072.661836565,26876042.517662697,62.052461998516044,982.016345078434,1643.5354446893195,0.8813313237217423,61.171130674794306,240.38771821328368
144,Africa,Sub-Saharan Africa,Burkina Faso,Burkina Faso,Burkina Faso,5. Low income,3.5152026502145794,0.0,45155.38575106437,3179284.3201280744,15495651.449689114,53493310.024571665,69967469.92785706,137700548.5544536,317.92843201280743,5031.402570444359,8420.723852988196,4.515538575106437,313.412893437701,1231.636712956104
145,Africa,Sub-Saharan Africa,Togo,Togolese Republic,Togo,5. Low income,1.1006075307264827,0.0,29942.74345182538,2108198.018345178,10275237.566008624,35471659.28965523,46395750.30036696,91309865.47810504,210.81980183451782,3336.3461271310052,5583.82061884498,2.994274345182538,207.8255274893353,816.7039547663445
146,Africa,Sub-Saharan Africa,Ghana,Republic of Ghana,Ghana,4. Lower middle income,2.4513960633128145,0.0,57563.86394435931,4052936.0341024995,19753780.350732423,68193008.85089421,89194186.97166769,175539982.88820666,405.29360341024994,6414.007281679172,10734.697403731245,5.756386394435931,399.537217015814,1570.0844316629923
147,Africa,Sub-Saharan Africa,Guinea-Bissau,Republic of Guinea-Bissau,Guinea-Bissau,5. Low income,0.04875568703504803,0.0,3763.9029324670223,265007.53734330385,1291631.7059830886,4458906.133120718,5832100.885829589,11477955.284530124,26.500753734330385,419.38985957774145,701.9049151409405,0.37639029324670226,26.12436344108368,102.66241686397846
158,Africa,Sub-Saharan Africa,Mauritania,Islamic Republic of Mauritania,Mauritania,5. Low income,0.04151168281691098,0.0,18.100496284367107,1274.4132968029924,6211.418124854228,21442.745826070903,28046.39819572114,55197.1426222718,0.12744132968029923,2.016833252926791,3.3754396796200896,0.0018100496284367106,0.12563128005186253,0.4937004828051236
160,Africa,Sub-Saharan Africa,"Gambia, The",Republic of the Gambia,The Gambia,5. Low income,0.23027629628163115,0.0,3020.914058511504,212695.44128418172,1036665.5168936657,3578724.6549152513,4680852.793701625,9212223.88146888,21.269544128418172,336.602921363107,563.349922655363,0.3020914058511504,20.967452722567025,82.3970075609484
205,Africa,Sub-Saharan Africa,Cabo Verde,Republic of Cabo Verde,Cape Verde,4. Lower middle income,0.0,0.0,0.0,0.0,0.0,0.0,0.0,0.0,0.0,0.0,0.0,0.0,0.0,0.0
84,Africa,Middle East & North Africa,Djibouti,Republic of Djibouti,Djibouti,4. Lower middle income,5.810191603135492e-07,0.0,0.0,0.0,0.0,0.0,0.0,0.0,0.0,0.0,0.0,0.0,0.0,0.0
25,Africa,Middle East & North Africa,Morocco,Kingdom of Morocco,Morocco,4. Lower middle income,6.100245109746117,0.0,16369.573241035974,1376786.4543227607,6273743.012551959,20237243.452171676,26214539.98550122,50768899.84705518,137.67864543227606,1886.0456997848917,3053.1656394883507,1.6369573241035975,136.04168810817248,489.6956558229198
69,Africa,Middle East & North Africa,Libya,Libya,Libya,3. Upper middle income,0.8700029699967841,0.0,543.2175815274601,45688.09442888355,208191.59157185184,671564.6329320801,869918.7695425625,1684745.1418337526,4.568809442888355,62.587653850319654,101.31805089016726,0.05432175815274601,4.5144876847356095,16.250349714296828
70,Africa,Middle East & North Africa,Tunisia,Republic of Tunisia,Tunisia,3. Upper middle income,1.9550436845523502,0.0,3205.9707510791,269642.7718699238,1228708.6719895178,3963451.559475315,5134101.37265079,9943057.49926944,26.96427718699238,369.3808787605391,597.9605939794126,0.32059707510790997,26.64368011188447,95.9065900119594
117,Africa,Middle East & North Africa,Algeria,People's Democratic Republic of Algeria,Algeria,3. Upper middle income,5.60144224496639,0.0,15119.166007313333,1271619.1590959746,5794516.490888809,18691400.122562665,24212114.513320267,46890863.52429026,127.16191590959747,1741.978096346669,2819.94634017276,1.5119166007313334,125.64999930886613,452.2897331792834
156,Africa,Middle East & North Africa,"Egypt, Arab Republic of",Arab Republic of Egypt,Egypt,4. Lower middle income,3.19380661311605,0.0,0.0,0.0,0.0,0.0,0.0,0.0,0.0,0.0,0.0,0.0,0.0,0.0
108,North America,Latin America & Caribbean,Haiti,Republic of Haiti,Haiti,5. Low income,0.07355158730372939,0.0,24468.17511921985,458310.87308349257,1391429.0369283329,3625140.038936234,4506693.717890721,8038848.547967669,45.831087308349254,316.68291658527414,441.37085090314343,2.446817511921985,43.38426979642727,93.31181638448403
109,North America,Latin America & Caribbean,Dominican Republic,Dominican Republic,Dominican Republic,3. Upper middle income,0.3257636977079182,0.0,88562.63511979731,1658857.615108619,5036281.679861705,13121205.523590107,16311991.7766456,29096637.05070265,165.8857615108619,1146.2347908481488,1597.5431527112544,8.856263511979732,157.0294979988822,337.7424064753086
172,North America,Latin America & Caribbean,"Bahamas, The",Commonwealth of the Bahamas,The Bahamas,2. High income: nonOECD,0.0010182880193894007,0.0,278.3546078947556,5213.831548510115,15829.161026533991,41240.281679570064,51269.00378278916,91451.4680638027,0.5213831548510115,3.6026450131059953,5.021118638423264,0.027835460789475557,0.4935476940615359,1.0615329478023876
183,North America,Latin America & Caribbean,Trinidad and Tobago,Republic of Trinidad and Tobago,Trinidad and Tobago,2. High income: nonOECD,0.002650570131511647,0.0,2688.053363532463,50349.651248321716,152861.23646769108,398254.86892499594,495101.62273078534,883141.2139648579,5.034965124832172,34.79052176766743,48.48863450398619,0.2688053363532463,4.766159788478926,10.251158521936937
184,North America,Latin America & Caribbean,Grenada,Grenada,Grenada,3. Upper middle income,0.0,0.0,0.0,0.0,0.0,0.0,0.0,0.0,0.0,0.0,0.0,0.0,0.0,0.0
185,North America,Latin America & Caribbean,Saint Vincent and the Grenadines,Saint Vincent and the Grenadines,Saint Vincent and the Grenadines,3. Upper middle income,0.0,0.0,0.0,0.0,0.0,0.0,0.0,0.0,0.0,0.0,0.0,0.0,0.0,0.0
186,North America,Latin America & Caribbean,Barbados,Barbados,Barbados,2. High income: nonOECD,0.0065958687589253995,0.0,4676.561008067466,87596.18354014611,265941.48308512603,692866.8963774323,861356.7629665687,1536451.553334478,8.759618354014611,60.52707128372862,84.35846569570458,0.4676561008067466,8.291962253207865,17.834529954497995
187,North America,Latin America & Caribbean,Saint Lucia,Saint Lucia,Saint Lucia,3. Upper middle income,0.00018268264765573415,0.0,255.80887574250724,4791.529757033768,14547.05534343361,37899.96570038422,47116.39702071102,84044.22476544148,0.4791529757033768,3.310843594335046,4.614425906505726,0.025580887574250723,0.453572088129126,0.9755525586399842
188,North America,Latin America & Caribbean,Dominica,Commonwealth of Dominica,Dominica,3. Upper middle income,5.159425516178833e-06,0.0,0.0,0.0,0.0,0.0,0.0,0.0,0.0,0.0,0.0,0.0,0.0,0.0
190,North America,Latin America & Caribbean,Antigua and Barbuda,Antigua and Barbuda,Antigua and Barbuda,3. Upper middle income,0.0010678605833192966,0.0,129.90904213830208,2433.3129149904416,7387.523283205243,19246.979710615575,23927.418422063096,42680.71115532615,0.24333129149904417,1.6813666795625133,2.3433731444710575,0.012990904213830208,0.23034038728521394,0.4954210368214802
191,North America,Latin America & Caribbean,Saint Kitts and Nevis,Federation of Saint Kitts and Nevis,Saint Kitts and Nevis,2. High income: nonOECD,0.00023147795457831714,0.0,46.598928736280484,872.8397442727272,2649.9361810796995,6903.973897127019,8582.867270361787,15309.753538352194,0.08728397442727272,0.6031134152854292,0.8405779641225174,0.004659892873628048,0.08262408155364467,0.17770964368069722
197,North America,Latin America & Caribbean,Jamaica,Jamaica,Jamaica,3. Upper middle income,0.023519137299661184,0.0,9461.221140448686,177217.16066634443,538030.2272432095,1401749.4727888005,1742623.8642432312,3108418.3211993445,17.721716066634443,122.4532312122456,170.6668848410544,0.9461221140448686,16.775593952589574,36.081306657686504
26,North America,Latin America & Caribbean,Costa Rica,Republic of Costa Rica,Costa Rica,3. Upper middle income,0.14326814899421925,0.0,140659.16867410621,2634672.4301310834,7998849.552519954,20839689.994022153,25907440.531982657,46212590.36870221,263.4672430131083,1820.5017563891067,2537.2900374680057,14.065916867410621,249.4013261456977,536.417712238887
27,North America,Latin America & Caribbean,Nicaragua,Republic of Nicaragua,Nicaragua,4. Lower middle income,0.20141425504611052,0.0,137597.33298182537,2577321.500503922,7824732.477266693,20386056.524969015,25343493.46145606,45206645.57351094,257.7321500503922,1780.873502446509,2482.0589048541924,13.759733298182537,243.97241675220965,524.741097676277
112,North America,Latin America & Caribbean,El Salvador,Republic of El Salvador,El Salvador,4. Lower middle income,0.06546806385763516,0.0,64696.00366936732,1211814.1946527793,3679060.560918933,9585188.601857075,11916093.941977194,21255421.486185066,121.18141946527793,837.3374407204296,1167.023288432799,6.4696003669367315,114.71181909834118,246.72463662661536
113,North America,Latin America & Caribbean,Guatemala,Republic of Guatemala,Guatemala,4. Lower middle income,0.2932236522743717,0.0,279370.7036565587,5232863.933780342,15886943.233028093,41390823.737224884,51456154.330967814,91785299.25062262,523.2863933780343,3615.795980344454,5039.447551339773,27.93707036565587,495.34932301237836,1065.407929924775
131,North America,Latin America & Caribbean,Honduras,Republic of Honduras,Honduras,4. Lower middle income,0.09650815694743403,0.0,41229.98092300244,772274.5346543639,2344620.813311229,6108524.804988351,7593982.596131339,13545823.121695094,77.22745346543638,533.6250270333986,743.7298316706743,4.122998092300244,73.10445537313615,157.2346278656865
151,North America,Latin America & Caribbean,Mexico,United Mexican States,Mexico,3. Upper middle income,9.895400826426036,0.0,721715.5098010598,13518379.029214993,41041716.917822525,106927458.97694546,132929846.1481847,237114604.98141885,1351.8379029214993,9340.907994773046,13018.714600447338,72.17155098010599,1279.6663519413933,2752.333788860753
152,North America,Latin America & Caribbean,Belize,Belize,Belize,4. Lower middle income,0.0479143396684515,0.0,25238.255568998808,472735.1708320194,1435221.1175952558,3739233.1193598276,4648531.7057414455,8291853.117183015,47.273517083201945,326.6497948527808,455.2619997823187,2.523825556899881,44.74969152630206,96.24859467632365
153,North America,Latin America & Caribbean,Panama,Republic of Panama,Panama,3. Upper middle income,0.09929155762747606,0.0,102966.71218185582,1928658.9019683164,5855396.753897541,15255275.442052264,18965020.181555215,33828996.264700115,192.86589019683163,1332.6616540083946,1857.3720822647851,10.296671218185582,182.56921897864603,392.6737851929225
2,South America,Latin America & Caribbean,Chile,Republic of Chile,Chile,3. Upper middle income,1.2120761104257975,0.0,233397.45659394402,4371743.768623464,13272587.623215789,34579549.18019099,42988528.82483119,76681109.06913424,437.1743768623464,3020.7805411567524,4210.155988894325,23.339745659394403,413.834631202952,890.0843854592325
3,South America,Latin America & Caribbean,Bolivia,Plurinational State of Bolivia,Bolivia,4. Lower middle income,2.3048500444505637,0.0,380029.8769114119,7118300.56129804,21611117.423280016,56304220.32174394,69996158.29715589,124856169.66971591,711.830056129804,4918.59197604459,6855.194934797198,38.002987691141186,673.8270684386628,1449.2816861981976
4,South America,Latin America & Caribbean,Peru,Republic of Peru,Peru,3. Upper middle income,0.8994417529617217,0.0,38805.461024797405,726861.1016565834,2206745.905577588,5749314.356503506,7147420.13117829,12749263.992612576,72.68611016565833,502.24532548469233,699.994963610907,3.8805461024797405,68.8055640631786,147.98848039210046
5,South America,Latin America & Caribbean,Argentina,Argentine Republic,Argentina,3. Upper middle income,42.09289833325311,0.0,1369389.1289866767,25649887.016050506,77872901.74449319,202885067.48810196,252222217.42660445,449903262.40186924,2564.9887016050507,17723.518047205143,24701.81949137673,136.93891289866767,2428.049788706383,5222.301472844269
21,South America,Latin America & Caribbean,Suriname,Republic of Suriname,Suriname,3. Upper middle income,0.032627089071502254,0.0,25024.451515112065,468730.42907550593,1423062.745859665,3707556.4768454093,4609152.006118727,8221609.284132017,46.87304290755059,323.8826047769903,451.4052807286607,2.5024451515112065,44.37059775603939,95.43323167841592
22,South America,Latin America & Caribbean,Guyana,Co-operative Republic of Guyana,Guyana,4. Lower middle income,0.1162361144294399,0.0,89849.10400029599,1682954.3314735824,5109439.1649094755,13311805.3466181,16548941.250554312,29519297.442890175,168.29543314735824,1162.8851015144517,1620.7492096272076,8.9849104000296,159.31052274732863,342.6484833435893
42,South America,Latin America & Caribbean,Brazil,Federative Republic of Brazil,Brazil,3. Upper middle income,46.06970319508584,0.0,21130570.83486441,395794550.30433315,1201629859.3271945,3130649425.4602017,3891953951.3237166,6942301902.202251,39579.45503043332,273485.48751558684,381165.247674205,2113.057083486441,37466.39794694687,80583.53090228612
43,South America,Latin America & Caribbean,Uruguay,Oriental Republic of Uruguay,Uruguay,3. Upper middle income,2.5869777600596575,0.0,499918.7493569054,9363926.707742,28428824.81308129,74066638.22203462,92078002.39310966,164244823.84927887,936.3926707742,6470.271151429262,9017.818562724426,49.99187493569054,886.4007958385095,1906.489810533929
132,South America,Latin America & Caribbean,Ecuador,Republic of Ecuador,Ecuador,3. Upper middle income,0.3296547529364009,0.0,190785.5996897826,3573585.457008529,10849383.819704033,28266289.288759317,35140024.108727716,62681280.21670995,357.3585457008529,2469.2703831750787,3441.4990927950635,19.07855996897826,338.27998573187466,727.5798362695504
133,South America,Latin America & Caribbean,Colombia,Republic of Colombia,Colombia,3. Upper middle income,0.7351432937670003,0.0,564387.0471348596,10571475.766748523,32094936.447991315,83618090.5219386,103952156.11251783,185425434.15050098,1057.1475766748524,7304.6614755190085,10180.734362856238,56.43870471348596,1000.7088719613664,2152.3460681242796
134,South America,Latin America & Caribbean,Paraguay,Republic of Paraguay,Paraguay,4. Lower middle income,2.5178764734239945,0.0,973812.1658208303,18240375.580199864,55377669.8685151,144277432.03240818,179362504.507456,319939205.80750006,1824.0375580199864,12603.70564522083,17566.17737750919,97.38121658208303,1726.6563414379034,3713.729428831524
154,South America,Latin America & Caribbean,"Venezuela, Republica Bolivariana de",Bolivarian Republic of Venezuela,Venezuela,3. Upper middle income,0.5964679878897143,0.0,171512.03980004997,3212574.387835995,9753356.398579122,25410769.687944356,31590105.455079544,56349086.32898346,321.25743878359947,2219.8195300108364,3093.8316641039105,17.151203980004997,304.1062348035945,654.0782010743128
35,North America,Latin America & Caribbean,Saint-Martin (Fr.),Saint-Martin (French part),Saint Martin,2. High income: nonOECD,5.882907605469712e-06,0.0,0.0,0.0,0.0,0.0,0.0,0.0,0.0,0.0,0.0,0.0,0.0,0.0
36,North America,Latin America & Caribbean,Sint Maarten (Neth.),Sint Maarten (Dutch part),Sint Maarten,2. High income: nonOECD,2.7600739333954926e-06,0.0,0.0,0.0,0.0,0.0,0.0,0.0,0.0,0.0,0.0,0.0,0.0,0.0
129,North America,Latin America & Caribbean,Guantanamo Bay (US),,Guantanamo Bay Naval Base,2. High income: nonOECD,9.827277898886356e-05,0.0,4.516630520524413,84.60054201717249,256.846733551365,669.172018806301,831.8998165454473,1483.907505349823,0.008460054201717249,0.05845714767891285,0.08147354865435219,0.0004516630520524413,0.008008391149664807,0.017224619153419253
130,North America,Latin America & Caribbean,Cuba,Republic of Cuba,Cuba,3. Upper middle income,1.1409837249773316,0.0,295137.3825457838,5528187.975403363,16783545.23605856,43726773.13450887,54360154.82777056,96965331.80627325,552.8187975403363,3819.858515910551,5323.855867176439,29.51373825457838,523.3050592857579,1125.5357260655196
170,North America,Latin America & Caribbean,Curaçao (Neth.),Curaçao,Curaçao,2. High income: nonOECD,0.0,0.0,0.0,0.0,0.0,0.0,0.0,0.0,0.0,0.0,0.0,0.0,0.0,0.0
171,North America,Latin America & Caribbean,Aruba (Neth.),Aruba,Aruba,2. High income: nonOECD,0.0,0.0,0.0,0.0,0.0,0.0,0.0,0.0,0.0,0.0,0.0,0.0,0.0,0.0
173,North America,Latin America & Caribbean,Turks and Caicos Islands (UK),Turks and Caicos Islands,Turks and Caicos Islands,2. High income: nonOECD,2.0494472495516966e-05,0.0,0.0,0.0,0.0,0.0,0.0,0.0,0.0,0.0,0.0,0.0,0.0,0.0
189,North America,Latin America & Caribbean,Montserrat (UK),,Montserrat,4. Lower middle income,9.804911840367589e-06,0.0,0.0,0.0,0.0,0.0,0.0,0.0,0.0,0.0,0.0,0.0,0.0,0.0
192,North America,Latin America & Caribbean,U.S. Virgin Islands (US),Virgin Islands of the United States,United States Virgin Islands,2. High income: nonOECD,0.00019242639593399456,0.0,26.702332973369348,500.15865420131246,1518.4786471341724,3956.1469510136,4918.194171725661,8772.865553087619,0.05001586542013125,0.34559882968122874,0.48167186020740194,0.0026702332973369347,0.047345632122794315,0.101831999293286
193,North America,Latin America & Caribbean,Saint-Barthélemy (Fr.),Saint-Barthélemy,Saint-Barthélemy,1. High income: OECD,0.0,0.0,0.0,0.0,0.0,0.0,0.0,0.0,0.0,0.0,0.0,0.0,0.0,0.0
194,North America,Latin America & Caribbean,Puerto Rico (US),Commonwealth of Puerto Rico,Puerto Rico,2. High income: nonOECD,0.022931983974544677,0.0,5225.766935991509,97883.30332341843,297173.1164882406,774235.7924735976,962512.7704392889,1716889.3364840453,9.788330332341843,67.63524891501791,94.26535440104477,0.5225766935991509,9.265753638742693,19.92898131648222
195,North America,Latin America & Caribbean,Anguilla (UK),,Anguilla,3. Upper middle income,3.5986128914987e-05,0.0,5.227883510092839,97.92294865534859,297.29347947604214,774.549378488195,962.9026136196421,1717.584722165987,0.009792294865534859,0.06766264298328464,0.09430353436777919,0.000522788351009284,0.009269506514525575,0.019937053082069355
196,North America,Latin America & Caribbean,British Virgin Islands (UK),British Virgin Islands,British Virgin Islands,1. High income: OECD,6.391468140642063e-06,0.0,0.0,0.0,0.0,0.0,0.0,0.0,0.0,0.0,0.0,0.0,0.0,0.0
198,North America,Latin America & Caribbean,Cayman Islands (UK),Cayman Islands,Cayman Islands,2. High income: nonOECD,6.296970780765483e-05,0.0,0.0,0.0,0.0,0.0,0.0,0.0,0.0,0.0,0.0,0.0,0.0,0.0
232,Seven seas (open ocean),Latin America & Caribbean,Clipperton Island (Fr.),,Clipperton Island,5. Low income,0.0,0.0,0.0,0.0,0.0,0.0,0.0,0.0,0.0,0.0,0.0,0.0,0.0,0.0
149,North America,North America,United States of America,United States of America,United States of America,1. High income: OECD,161.50244727862133,6264890.614561952,123672227.09790125,396050899.06322324,805988643.8324049,1600506697.8171875,1870887344.7653995,2952409932.5582466,39605.089906322326,120445.57987539645,135190.3234741059,11740.733648333931,27237.867196532203,40993.77447691816
150,North America,North America,Canada,Canada,Canada,1. High income: OECD,59.353361392969965,615515.0548977562,12150590.06370457,38911340.337304614,79187040.1060719,157247113.88916317,183811561.53694642,290069352.1280793,3891.1340337304614,11833.577355185855,13282.223823891612,1153.5075008806816,2676.0750273600042,4027.569976876729
164,North America,Europe & Central Asia,Greenland (Den.),Greenland,Greenland,2. High income: nonOECD,0.0,0.0,0.0,0.0,0.0,0.0,0.0,0.0,0.0,0.0,0.0,0.0,0.0,0.0
175,North America,North America,Saint-Pierre-et-Miquelon (Fr.),Saint Pierre and Miquelon,Saint Pierre and Miquelon,3. Upper middle income,0.00020760840640639662,14.080079105917948,277.94814752168725,890.1077978629669,1811.425699477321,3597.0717289839235,4204.740901832887,6635.417593228741,0.08901077978629669,0.27069639311209565,0.30383458642448175,0.02638680684157693,0.06121596503412796,0.0921317901614354
199,North America,North America,Bermuda (UK),The Bermudas or Somers Isles,Bermuda,2. High income: nonOECD,0.0,0.0,0.0,0.0,0.0,0.0,0.0,0.0,0.0,0.0,0.0,0.0,0.0,0.0
224,South America,Latin America & Caribbean,Falkland Islands (UK)/Islas Malvinas,Falkland Islands,Falkland Islands,1. High income: OECD,0.0,0.0,0.0,0.0,0.0,0.0,0.0,0.0,0.0,0.0,0.0,0.0,0.0,0.0
8,Asia,East Asia & Pacific,China,People's Republic of China,People's Republic of China,3. Upper middle income,128.53277860659574,0.0,18156858.001871616,270311963.93247145,684995069.0901682,1478062819.4240694,1756421683.4874163,2870151699.055322,27031.196393247144,120775.08554915979,139208.88796312528,1815.6858001871615,25215.510593059982,41468.31051576968
23,Asia,East Asia & Pacific,"Korea, Republic of",Republic of Korea,South Korea,1. High income: OECD,1.1888046681714977,0.0,648716.7127168635,9657832.243455144,24473824.127590198,52808919.54472317,62754255.19873119,102546121.96768637,965.7832243455143,4315.108730126803,4973.72024229632,64.87167127168635,900.9115530738279,1481.5991884135055
44,Asia,East Asia & Pacific,Mongolia,Mongolia,Mongolia,4. Lower middle income,0.6839634677930833,0.0,24.890362146426135,370.55765232604404,939.0267488137529,2026.2051312424462,2407.7938913952394,3934.5527291838303,0.037055765232604405,0.16556474789164022,0.19083475979413841,0.0024890362146426136,0.03456672901796179,0.056846909648770885
161,Asia,East Asia & Pacific,"Hong Kong (SAR, China)","Hong Kong Special Administrative Region, PRC",Hong Kong,2. High income: nonOECD,5.4378711261488136e-05,0.0,0.0,0.0,0.0,0.0,0.0,0.0,0.0,0.0,0.0,0.0,0.0,0.0
233,Asia,East Asia & Pacific,"Macau (SAR, China)","Macao Special Administrative Region, PRC",Macau,2. High income: nonOECD,5.519516781771226e-06,0.0,0.0,0.0,0.0,0.0,0.0,0.0,0.0,0.0,0.0,0.0,0.0,0.0
0,Asia,East Asia & Pacific,Indonesia,Republic of Indonesia,Indonesia,4. Lower middle income,7.07376288274982,0.0,14380735.749492232,214094581.93914628,542535116.8839601,1170666798.4678822,1391134748.7713537,2273239849.1421866,21409.458193914626,95657.22165287359,110257.30506743045,1438.0735749492233,19971.384618965407,32844.053494481384
1,Asia,East Asia & Pacific,Malaysia,Malaysia,Malaysia,3. Upper middle income,0.24620194724126634,0.0,533135.2597446378,7937102.283245597,20113338.11420117,43399987.21537144,51573368.60544109,84275543.23686625,793.7102283245597,3546.2884932125835,4087.5556021494813,53.31352597446378,740.3967023500959,1217.6235830955573
53,Asia,East Asia & Pacific,Vietnam,Socialist Republic of Vietnam,Vietnam,4. Lower middle income,4.202247523063924,0.0,6854499.153267526,102047013.18379064,258596400.35665837,557991935.7839417,663076780.1898429,1083527358.5824215,10204.701318379064,45594.49226001511,52553.54227984798,685.4499153267526,9519.25140305231,15654.938717286772
54,Asia,East Asia & Pacific,Cambodia,Kingdom of Cambodia,Cambodia,5. Low income,4.952825640816991,0.0,5439275.179303012,80977730.61478938,205204924.60000727,442785332.47961986,526173684.14721966,859815332.3607386,8097.773061478938,36180.76018648305,41702.99998811188,543.9275179303012,7553.845543548638,12422.71939852179
65,Asia,East Asia & Pacific,Lao People's Democratic Republic,Lao People's Democratic Republic,Laos,4. Lower middle income,1.1486964933914074,0.0,2461940.6528874394,36652377.459723234,92880453.62510897,200414793.258087,238158273.07483068,389172132.48734295,3665.2377459723234,16376.241579836378,18875.733922925596,246.19406528874393,3419.043680683579,5622.807616538574
106,Asia,East Asia & Pacific,Thailand,Kingdom of Thailand,Thailand,3. Upper middle income,14.658498912293927,0.0,10234765.189733652,152371047.8178227,386122075.06059575,833163198.771598,990070170.8851472,1617864098.2772615,15237.10478178227,68079.21509537753,78470.08995056635,1023.4765189733653,14213.628262808905,23375.102724277305
114,Asia,East Asia & Pacific,Timor-Leste,Democratic Republic of Timor-Leste,East Timor,4. Lower middle income,0.04473034432740911,0.0,42018.156209049666,625549.3282218099,1585198.8164743357,3420496.7856744295,4064668.053147122,6642034.78499113,62.554932822180994,279.4947457452619,322.15379993167005,4.201815620904966,58.35311720127603,95.96494882525258
122,Asia,East Asia & Pacific,Myanmar,Republic of the Union of Myanmar,Myanmar,5. Low income,10.035554506878846,0.0,12240025.836277844,182224557.90794867,461773581.2287745,996401860.6923841,1184051050.190981,1934846378.5338082,18222.455790794866,81417.73027844355,93844.45178414241,1224.0025836277844,16998.453207167084,27954.90233208258
168,Asia,East Asia & Pacific,Philippines,Republic of the Philippines,Philippines,4. Lower middle income,3.0305110195457385,0.0,6919373.115969294,103012830.52202113,261043869.2171005,563273014.2727586,669352427.3734797,1093782332.9978042,10301.283052202112,46026.01837507375,53050.93187250456,691.9373115969294,9609.345740605182,15803.103869507939
38,Asia,Europe & Central Asia,Uzbekistan,Republic of Uzbekistan,Uzbekistan,4. Lower middle income,6.131134852079311,0.0,287124.90035487316,1909325.4636850846,4527920.059576093,9919769.123498615,11875325.79876889,19697552.499849986,190.93254636850847,801.044365981353,977.7783376351372,28.712490035487317,162.22005633302115,261.8594595891009
39,Asia,Europe & Central Asia,Kazakhstan,Republic of Kazakhstan,Kazakhstan,3. Upper middle income,28.268016569721098,0.0,425939.9397484605,2832418.825246703,6717014.076375818,14715637.193289243,17616638.434943426,29220643.401560154,283.2418825246703,1188.321836804254,1450.500620827091,42.59399397484605,240.64788854982424,388.4595251129115
40,Asia,Europe & Central Asia,Tajikistan,Republic of Tajikistan,Tajikistan,5. Low income,1.1901672187052388,0.0,247547.61091921548,1646144.0871839875,3903791.666260582,8552428.383457009,10238431.173120892,16982442.33177642,164.61440871839875,690.6284296273021,843.0013948319413,24.754761091921548,139.8596476264772,225.76475790765946
66,Asia,Europe & Central Asia,Kyrgyz Republic,Kyrgyz Republic,Kyrgyzstan,5. Low income,1.5336944064335938,0.0,97501.16472887997,648364.0266856605,1537579.9140453609,3368530.7062790254,4032593.813646341,6688846.243115603,64.83640266856605,272.0166679593365,332.03155368365776,9.750116472887997,55.086286195678056,88.92158873597003
137,Asia,Europe & Central Asia,Turkmenistan,Turkmenistan,Turkmenistan,3. Upper middle income,2.707308617274253,0.0,6374.228619859494,42387.39656576569,100520.70578523054,220220.80345958483,263634.5419122885,437289.4957231031,4.238739656576569,17.783340689381912,21.706869226351827,0.6374228619859493,3.6013167945906193,5.813330921946486
6,Asia,Europe & Central Asia,Cyprus,Republic of Cyprus,Cyprus,2. High income: nonOECD,0.250015185617481,0.0,30980.80456674143,206016.40251897654,488563.0131213882,1070344.0495145847,1281348.8042427714,2125367.823155517,20.601640251897653,86.43276469956082,105.50237736409325,3.098080456674143,17.503559795223513,28.25466106024117
58,Asia,Europe & Central Asia,Georgia,Georgia,Georgia,4. Lower middle income,0.36423179115232185,0.0,97677.50944374168,649536.6851839504,1540360.845865749,3374623.1728516407,4039887.332736067,6700943.972273773,64.95366851839503,272.50864876676906,332.6320799422132,9.767750944374168,55.18591757402087,89.08241606817987
61,Asia,Europe & Central Asia,Azerbaijan,Republic of Azerbaijan,Azerbaijan,3. Upper middle income,2.2607618418212727,0.0,110492.33983028687,734752.8469992271,1742448.9528031393,3817357.880409947,4569901.572908549,7580076.342902952,73.47528469992271,308.260503341072,376.2718462493005,11.049233983028687,62.42605071689402,100.76961058039123
63,Asia,Europe & Central Asia,Turkey,Republic of Turkey,Turkey,3. Upper middle income,18.999630493448898,0.0,4181526.786307796,27806350.338514727,65942100.4307768,144465980.66775596,172945616.56725132,286864160.16523266,2780.6350338514726,11665.963032924123,14239.81794974767,418.1526786307796,2362.482355220693,3813.5750092262074
67,Asia,Europe & Central Asia,Armenia,Republic of Armenia,Armenia,4. Lower middle income,0.38406080324200276,0.0,16934.11056690933,112608.58417468108,267048.5869815536,585050.1538804896,700385.3718220721,1161726.243588402,11.260858417468107,47.24415697058085,57.66760897079123,1.693411056690933,9.567447360777173,15.44400028068725
90,Asia,Middle East & North Africa,"Iran, Islamic Republic of",Islamic Republic of Iran,Iran,3. Upper middle income,13.88005880160466,0.0,23289.43976021922,1958791.760695069,8925825.848388346,28792079.99819641,37296143.329119,72230302.96944782,195.8791760695069,2683.328823750134,4343.822297125142,2.3289439760219217,193.55023209348496,696.7034087693277
10,Asia,Middle East & North Africa,West Bank and Gaza,West Bank and Gaza,Palestine,4. Lower middle income,0.06996325911400163,0.0,182.76476192322409,15371.692642092024,70045.75691577306,225946.93991450727,292682.89947635535,566830.0423611915,1.5371692642092025,21.057524727241525,34.08831024466842,0.018276476192322408,1.5188927880168799,5.467406427368104
11,Asia,Middle East & North Africa,Lebanon,Lebanese Republic,Lebanon,3. Upper middle income,0.10139770710387017,0.0,1326.203453178905,111542.24506204849,508275.9046366485,1639548.066030934,2123806.952102802,4113112.131871159,11.15422450620485,152.80058209688855,247.35640658402252,0.1326203453178905,11.021604160886957,39.67336595746
19,Asia,Middle East & North Africa,Syrian Arab Republic,Syrian Arab Republic,Syria,4. Lower middle income,4.59639918214025,0.0,11184.823925940404,940715.670987481,4286654.876016286,13827483.552931378,17911585.703550052,34688821.59246066,94.0715670987481,1288.6767881943897,2086.1338039529287,1.1184823925940404,92.95308470615406,334.5939205028805
37,Asia,Middle East & North Africa,Oman,Sultanate of Oman,Oman,2. High income: nonOECD,0.02712412759932178,0.0,0.044639532604188806,3.7544719652603993,17.108384661919935,55.18659989482731,71.48658032532403,138.44587923160722,0.0003754471965260399,0.005143212792956691,0.008325927933677991,4.463953260418881e-06,0.00037098324326562105,0.0013353912696659534
56,Asia,Middle East & North Africa,United Arab Emirates,United Arab Emirates,United Arab Emirates,2. High income: nonOECD,0.008994220515794597,0.0,0.0,0.0,0.0,0.0,0.0,0.0,0.0,0.0,0.0,0.0,0.0,0.0
87,Asia,Middle East & North Africa,Iraq,Republic of Iraq,Iraq,4. Lower middle income,6.187622808092779,0.0,20006.52468765952,1682677.4762211405,7667627.776025559,24733504.3360254,32038821.884545136,62048608.916034415,168.26774762211406,2305.0826859804256,3731.5104580009015,2.000652468765952,166.2670951533481,598.4950299804418
101,Asia,Middle East & North Africa,Qatar,State of Qatar,Qatar,2. High income: nonOECD,0.00595116705826349,0.0,0.0,0.0,0.0,0.0,0.0,0.0,0.0,0.0,0.0,0.0,0.0,0.0
102,Asia,Middle East & North Africa,Saudi Arabia,Kingdom of Saudi Arabia,Saudi Arabia,2. High income: nonOECD,1.1658379594230814,0.0,0.6525170385120537,54.88088214701335,250.08130332156514,806.6884805497106,1044.95295909208,2023.7285168601604,0.005488088214701335,0.07518075984026971,0.121704003631045,6.525170385120536e-05,0.00542283651085013,0.01952004211745518
111,Asia,Middle East & North Africa,Kuwait,State of Kuwait,Kuwait,2. High income: nonOECD,0.009059038896113559,0.0,0.0,0.0,0.0,0.0,0.0,0.0,0.0,0.0,0.0,0.0,0.0,0.0
138,Asia,Middle East & North Africa,Jordan,Hashemite Kingdom of Jordan,Jordan,3. Upper middle income,0.24560476875843243,0.0,143.27460321280483,12050.316159578402,54910.90253526991,177126.36627949937,229442.62257329302,444354.52739250025,1.2050316159578403,16.507605011992098,26.722816111300087,0.014327460321280483,1.1907041556365596,4.286058637569151
157,Asia,Middle East & North Africa,"Yemen, Republic of",Republic of Yemen,Yemen,4. Lower middle income,0.5336575253300668,0.0,61.80519376365184,5198.214536667067,23687.2334302584,76408.02447239048,98975.990355529,191683.78100100675,0.5198214536667066,7.12098099357234,11.527575652861627,0.0061805193763651844,0.5136409342903414,1.8489018893591331
231,Asia,Middle East & North Africa,Bahrain,Kingdom of Bahrain,Bahrain,2. High income: nonOECD,0.0002521738224590722,0.0,0.0,0.0,0.0,0.0,0.0,0.0,0.0,0.0,0.0,0.0,0.0,0.0
24,Asia,East Asia & Pacific,"Korea, Democratic People's Republic of",Democratic People's Republic of Korea,North Korea,5. Low income,1.994572638825138,0.0,486298.0705105839,7239809.138934569,18346333.951252777,39587196.03938448,47042526.608669646,76871738.11566971,723.980913893457,3234.738690044991,3728.4542076285234,48.629807051058386,675.3511068423985,1110.6524812318207
174,Asia,East Asia & Pacific,Japan,Japan,Japan,1. High income: OECD,3.2794675654013092,0.0,1838320.820314662,27368177.425080128,69353447.45173056,149648890.48535666,177831789.4910129,290593208.6537782,2736.817742508013,12228.071306027654,14094.431816842154,183.8320820314662,2552.985660476547,4198.527002665043
115,Asia,East Asia & Pacific,Brunei Darussalam,Negara Brunei Darussalam,Brunei,2. High income: nonOECD,0.00022865446341830697,0.0,379.6976821785835,5652.7856394383,14324.672253893556,30909.36915361737,36730.43221903438,60020.84432889726,0.56527856394383,2.5256583514179067,2.9111475175279895,0.03796976821785835,0.5273087957259716,0.8671886614455255
212,Asia,East Asia & Pacific,Singapore,Republic of Singapore,Singapore,2. High income: nonOECD,0.0001407645078980681,0.0,15.635961054232917,232.78186898337023,589.8903996237349,1272.8486766731426,1512.5602147127283,2471.660029590111,0.023278186898337022,0.10400668076897723,0.11988113529169686,0.0015635961054232916,0.02171459079291373,0.035710853064036464
9,Asia,Middle East & North Africa,Israel,State of Israel,Israel,1. High income: OECD,0.35555109431522325,0.0,1169.492274197485,98361.82641058986,448215.34901637,1445810.438664227,1872846.7464155166,3627085.157711744,9.836182641058986,134.7448612253637,218.12747190475167,0.11694922741974849,9.719233413639238,34.98535226057802
7,Asia,South Asia,India,Republic of India,India,4. Lower middle income,120.8232879872371,0.0,0.0,463186532.7800572,2226127150.660709,5773724852.961562,7014226883.791623,11976433760.037954,46318.65327800572,531053.8320181505,620270.8907076392,0.0,46318.65327800572,176294.06178806518
16,Asia,South Asia,Pakistan,Islamic Republic of Pakistan,Pakistan,4. Lower middle income,17.634028639465832,0.0,0.0,2400709.5765123856,11538083.23624796,29925387.64773254,36354946.57126655,62074212.4077302,240.07095765123856,2752.4678071220155,3214.882475999766,0.0,240.07095765123856,913.7373659735575
30,Asia,South Asia,Bhutan,Kingdom of Bhutan,Bhutan,4. Lower middle income,0.012735195631875694,0.0,0.0,58858.984014834714,282882.97068849864,733690.5431745108,891326.147916213,1521893.8232203103,5.885898401483471,67.48315591596761,78.82032800457995,0.0,5.885898401483471,22.40239866736639
123,Asia,South Asia,Bangladesh,People's Republic of Bangladesh,Bangladesh,5. Low income,5.754203368518124,0.0,0.0,63011162.17447272,302838811.1143249,785448382.7004927,954204313.865513,1629255076.5588098,6301.116217447272,72243.72205260201,84380.6693858317,0.0,6301.116217447272,23982.764893985222
125,Asia,South Asia,Afghanistan,Islamic State of Afghanistan,Afghanistan,5. Low income,3.117582146359602,0.0,0.0,966061.2715159014,4643000.332534603,12042172.166269777,14629468.826276092,24979070.002327126,96.60612715159014,1107.6110894753874,1293.6897836057349,0.0,96.60612715159014,367.69390610187014
139,Asia,South Asia,Nepal,Nepal,Nepal,5. Low income,1.7444565615947314,0.0,0.0,13426109.90527485,64527411.03783206,167359495.47887293,203317182.98691988,347153694.15083504,1342.610990527485,15393.338557359808,17979.41986719621,0.0,1342.610990527485,5110.130113255721
169,Asia,South Asia,Sri Lanka,Democratic Socialist Republic of Sri Lanka,Sri Lanka,4. Lower middle income,0.8121838763602623,0.0,0.0,8594622.740717333,41306734.28253997,107133915.62157448,130151957.40289874,222227812.47311094,859.4622740717333,9853.929288085714,11509.389685153646,0.0,859.4622740717333,3271.2111541822637
220,Seven seas (open ocean),South Asia,Maldives,Republic of Maldives,Maldives,3. Upper middle income,0.0,0.0,0.0,0.0,0.0,0.0,0.0,0.0,0.0,0.0,0.0,0.0,0.0,0.0
31,Europe,Europe & Central Asia,Ukraine,Ukraine,Ukraine,4. Lower middle income,39.84437673896301,0.0,3639151.6570449257,24199659.856807396,57388919.48210522,125727668.33759698,150513283.60976368,249655744.69843048,2419.96598568074,10152.80084807896,12392.80763608335,363.91516570449255,2056.050819976247,3318.9259625297823
32,Europe,Europe & Central Asia,Belarus,Republic of Belarus,Belarus,3. Upper middle income,7.670616392253614,0.0,1258232.220593573,8367002.705230766,19842148.501189433,43470187.07401839,52039783.145208254,86318167.42996772,836.7002705230766,3510.3184368787624,4284.798035594933,125.8232220593573,710.8770484637193,1147.5145795958667
45,Europe,Europe & Central Asia,Russian Federation,Russian Federation,Russia,3. Upper middle income,133.8661872443871,0.0,5964278.868790797,39661309.425363,94055854.77792335,206057605.22142762,246679248.7661768,409165822.9451735,3966.1309425362997,16639.629579606462,20310.821772374587,596.4278868790797,3369.70305565722,5439.454535256034
46,Europe,Europe & Central Asia,Czech Republic,Czech Republic,Czech Republic,1. High income: OECD,3.3195403153197547,0.0,368193.9312711808,2448418.955240397,5806367.490790374,12720592.28011654,15228295.7192869,25259109.47596834,244.84189552403967,1027.2173324876142,1253.8517195851798,36.81939312711808,208.0225023969216,335.7948535549977
71,Europe,Europe & Central Asia,Romania,Romania,Romania,3. Upper middle income,8.641708958639676,0.0,691579.487148767,4598870.816649468,10906113.084521621,23893117.018357933,28603342.014177635,47444241.99745644,459.8870816649468,1929.4246201708465,2355.112497909851,69.1579487148767,390.7291329500701,630.7242267872153
72,Europe,Europe & Central Asia,Hungary,Republic of Hungary,Hungary,1. High income: OECD,5.443927574972532,0.0,490997.92802998156,3265041.9571607504,7742969.5745283,16963300.919404015,20307400.55867659,33683799.115766875,326.50419571607506,1369.8258962243265,1672.049819636286,49.09979280299815,277.4044029130769,447.792761736755
73,Europe,Europe & Central Asia,Slovak Republic,Slovak Republic,Slovakia,1. High income: OECD,1.6210854143964049,0.0,187696.0787626907,1248142.8889396712,2959941.262784795,6484640.532432674,7763005.171977269,12876463.730155647,124.81428889396712,523.6497643493003,639.1823197722972,18.76960787626907,106.04468101769804,171.17983738451238
74,Europe,Europe & Central Asia,Poland,Republic of Poland,Poland,1. High income: OECD,15.727073591465778,0.0,1453811.6389253575,9667568.28882194,22926408.94119373,50227186.11088902,60128838.846587904,99735449.78938346,966.756828882194,4055.961782206708,4950.826367849444,145.38116389253574,821.3756649896582,1325.8840652371791
105,Europe,Europe & Central Asia,Bulgaria,Republic of Bulgaria,Bulgaria,3. Upper middle income,4.139700360815757,0.0,412182.62221224635,2740935.3048295258,6500063.077137535,14240340.855182609,17047643.45172275,28276853.837883305,274.0935304829526,1149.9405550353083,1403.6512982700697,41.218262221224634,232.8752682617279,375.91277723080094
136,Europe,Europe & Central Asia,Moldova,Republic of Moldova,Moldova,4. Lower middle income,2.152919440836842,0.0,159259.7022883704,1059046.4447432605,2511503.5295871724,5502202.962631156,6586892.49504946,10925650.624722674,105.90464447432605,444.3156517887895,542.3447662091519,15.925970228837041,89.97867424548902,145.2457084843912
41,Europe,Europe & Central Asia,Lithuania,Republic of Lithuania,Lithuania,3. Upper middle income,2.783562601029517,0.0,559788.4891808418,3722485.9820578904,8827787.231790012,19339919.887835693,23152539.815275148,38403019.52503297,372.24859820578905,1561.7433905777802,1906.3099637197274,55.97884891808418,316.2697492877048,510.5301249732122
48,Europe,Europe & Central Asia,Estonia,Republic of Estonia,Estonia,1. High income: OECD,1.0353909340449408,0.0,253659.80777091903,1686789.022797686,4000180.1672185296,8763596.350886293,10491228.227192057,17401755.732415117,168.6789022797686,707.6807328088606,863.8159381528825,25.365980777091902,143.3129215026767,231.33911444208437
49,Europe,Europe & Central Asia,Latvia,Republic of Latvia,Latvia,3. Upper middle income,1.5002891472951747,0.0,370525.479822577,2463923.305484826,5843135.689726427,12801144.065424928,15324727.267471181,25419060.07565619,246.39233054848262,1033.7220759940103,1261.7916010231263,37.0525479822577,209.33978256622493,337.9212384241601
59,Europe,Europe & Central Asia,North Macedonia,Former Yugoslav Republic of Macedonia,Republic of Macedonia,3. Upper middle income,0.31945524621110105,0.0,29685.47607366205,197402.7167236431,468135.8615218384,1025592.2374127584,1227774.7399497265,2036504.7500975986,19.740271672364308,82.81895206891153,101.09125126848403,2.968547607366205,16.771724064998104,27.073314479819533
60,Europe,Europe & Central Asia,Albania,Republic of Albania,Albania,4. Lower middle income,0.259425992049152,0.0,340062.78884337115,2261352.2588529224,5362743.256388408,11748700.125450647,14064807.352346523,23329236.25993003,226.13522588529224,948.7347866597723,1158.0536134479382,34.006278884337114,192.12894700095512,310.1390997535486
62,Europe,Europe & Central Asia,Kosovo,Republic of Kosovo,Kosovo,4. Lower middle income,0.20206646179232055,0.0,80242.28239239972,533595.7725946419,1265409.7210714095,2772260.13588993,3318776.062503874,5504839.768959648,53.35957725946419,223.86643632952882,273.25796330697176,8.024228239239973,45.335349020224214,73.18139484767676
93,Europe,Europe & Central Asia,Serbia,Republic of Serbia,Serbia,3. Upper middle income,2.7605425051387105,0.0,324244.1549547976,2156161.3804343813,5113285.582704808,11202188.151637653,13410557.474031959,22244034.763609182,215.61613804343813,904.6026771203273,1104.184661197153,32.42441549547976,183.19172254795836,295.7124202270426
99,Europe,Europe & Central Asia,Croatia,Republic of Croatia,Croatia,2. High income: nonOECD,1.0523630163972655,0.0,299300.50224088354,1990290.8786940905,4719927.621264197,10340419.368390575,12378901.904546453,20532832.049169965,199.02908786940904,835.0128489696484,1019.241268077939,29.930050224088355,169.0990376453207,272.96367425701067
100,Europe,Europe & Central Asia,Slovenia,Republic of Slovenia,Slovenia,1. High income: OECD,0.16723064922654624,0.0,113596.6854130159,755396.1491365796,1791404.0542886686,3924608.736821789,4698295.575453479,7793042.929980237,75.53961491365796,316.92125876852094,386.8434193158448,11.359668541301591,64.17994637235637,103.6007905152089
126,Europe,Europe & Central Asia,Montenegro,Montenegro,Montenegro,3. Upper middle income,0.013552145264501065,0.0,24292.136132276537,161538.04155381364,383083.6348479078,839259.7843341037,1004709.2069071166,1666506.8971991679,16.153804155381366,67.77217427802901,82.72471128650642,2.429213613227654,13.724590542153711,22.154559329409416
127,Europe,Europe & Central Asia,Bosnia and Herzegovina,Bosnia and Herzegovina,Bosnia and Herzegovina,3. Upper middle income,0.27521940813017487,0.0,128163.73479280523,852264.2308571615,2021124.412969027,4427880.19283106,5300780.616276991,8792382.310060713,85.22642308571615,357.56159619738986,436.4502117229654,12.816373479280523,72.41004960643562,116.88601821118654
206,Europe,Middle East & North Africa,Malta,Republic of Malta,Malta,2. High income: nonOECD,0.003791921336965162,0.0,18.380304167869305,1545.9018651272506,7044.368423281628,22723.05360030243,29434.562004732583,57005.01825653654,0.15459018651272508,2.117715173517518,3.4281964656234107,0.0018380304167869305,0.15275215609593812,0.5498466558154377
50,Europe,Europe & Central Asia,Norway,Kingdom of Norway,Norway,1. High income: OECD,1.1314098833541095,0.0,347301.8078149583,2309490.345230899,5476901.586692013,11998798.242298115,14364209.141062224,23825852.73611866,230.9490345230899,968.9307897067215,1182.7054493820544,34.730180781495825,196.21885374159405,316.7411241461114
51,Europe,Europe & Central Asia,Sweden,Kingdom of Sweden,Sweden,1. High income: OECD,2.9011122247284384,0.0,754419.1080863781,5016742.231619775,11897085.235762766,26064139.213712063,31202353.701366562,51755211.65198456,501.6742231619775,2104.7396982092287,2569.1072438272495,75.44191080863781,426.2323123533397,688.0343004142991
52,Europe,Europe & Central Asia,Finland,Republic of Finland,Finland,1. High income: OECD,3.3426059926547182,0.0,717421.1196434965,4770712.711533531,11313632.063197669,24785909.763972085,29672137.52674962,49217048.57785975,477.07127115335305,2001.5197052438552,2443.113881388767,71.74211196434965,405.3291591890034,654.2919351664139
68,Europe,Europe & Central Asia,Denmark,Kingdom of Denmark,Denmark,1. High income: OECD,3.163524418498716,0.0,1019721.948002138,6780955.182893093,16080874.413337959,35229986.259789005,42175131.24676347,69955711.1946613,678.0955182893093,2844.9031076895913,3472.57249348723,101.9721948002138,576.1233234890955,929.9919230444867
75,Europe,Europe & Central Asia,Ireland,Ireland,Ireland,1. High income: OECD,0.6203389178841721,0.0,536866.424363482,3570058.6517151278,8466309.432528617,18547994.176965456,22204495.994101126,36830503.2626438,357.00586517151277,1497.793552525033,1828.2509085678344,53.6866424363482,303.3192227351646,489.62507808134893
76,Europe,Europe & Central Asia,United Kingdom,United Kingdom of Great Britain and Northern Ireland,United Kingdom,1. High income: OECD,8.0560288874651,0.0,3304905.215802978,21976985.192852426,52117899.22482069,114179914.99620032,136689037.1514407,226725525.7724022,2197.6985192852426,9220.29298033479,11254.561077620187,330.49052158029775,1867.2079977049448,3014.0914031968264
176,Europe,Europe & Central Asia,Iceland,Republic of Iceland,Iceland,1. High income: OECD,0.1004566771111941,0.0,49610.39506125689,329899.60270551953,782349.0846099559,1713970.6954185516,2051858.2805946514,3403408.6212990503,32.989960270551954,138.4071092713032,168.94379258804986,4.9610395061256884,28.028920764426264,45.24494819044364
207,Europe,Europe & Central Asia,Jersey (UK),Bailiwick of Jersey,Jersey,2. High income: nonOECD,0.004706870925796618,0.0,2786.762090976453,18531.432888465348,43946.853642449474,96278.78498325258,115258.92638744152,191179.49200419727,1.8531432888465347,7.774735209478723,9.490070702094469,0.2786762090976453,1.5744670797488896,2.5415420753984126
208,Europe,Europe & Central Asia,Guernsey (UK),Bailiwick of Guernsey,Guernsey,2. High income: nonOECD,0.0002625521880298076,0.0,45.66275830920478,303.6485761914263,720.095397746001,1577.585292705672,1888.5862254441865,3132.589956398245,0.030364857619142628,0.12739367165142457,0.1555004663692573,0.004566275830920478,0.02579858178822215,0.041644682155457476
209,Europe,Europe & Central Asia,Isle of Man (UK),,Isle of Man,2. High income: nonOECD,0.010099440271749862,0.0,7191.330684822737,47820.96842642896,113406.29260161382,248450.55234152213,297429.427762636,493344.92944709136,4.782096842642896,20.062958391509316,24.489437710556924,0.7191330684822737,4.062963774160623,6.558532417518485
210,Europe,Europe & Central Asia,Faroe Islands (Den.),Føroyar Is. (Faeroe Is.),Faroe Islands,2. High income: nonOECD,0.0,0.0,0.0,0.0,0.0,0.0,0.0,0.0,0.0,0.0,0.0,0.0,0.0,0.0
64,Europe,Europe & Central Asia,Spain,Kingdom of Spain,Spain,1. High income: OECD,12.105970938051207,0.0,1443151.8340303698,9596682.632792944,22758305.288896326,49858904.56049361,59687955.25926116,99004158.05433135,959.6682632792944,4026.222192770067,4914.525349383774,144.31518340303697,815.3530798762574,1316.1622656103382
77,Europe,Europe & Central Asia,Greece,Hellenic Republic,Greece,1. High income: OECD,2.142792714490158,0.0,448025.05062025023,2979280.5725340303,7065293.227402927,15478647.300194813,18530066.30755317,30735742.33698658,297.92805725340304,1249.9366727660783,1525.7095036791766,44.80250506202502,253.12555219137798,408.6012654868897
88,Europe,Europe & Central Asia,Italy,Italian Republic,Italy,1. High income: OECD,8.309128524000768,0.0,2647272.1138257394,17603851.32039677,41747115.95035137,91459598.74525312,109489698.70192833,181610098.5286292,1760.385132039677,7385.574742485635,9015.049978337609,264.72721138257396,1495.6579206571032,2414.32646299546
107,Europe,Europe & Central Asia,San Marino,Republic of San Marino,San Marino,2. High income: nonOECD,0.0012290317024595346,0.0,725.1627204222877,4822.192870441245,11435.716039251973,25053.37138878063,29992.325818808313,49748.14353891903,0.4822192870441245,2.0231178518339386,2.46947721501384,0.07251627204222877,0.4097030150018957,0.6613523168810728
124,Europe,Europe & Central Asia,Andorra,Principality of Andorra,Andorra,2. High income: nonOECD,6.0934905913714436e-05,0.0,16.65853357358677,110.7760500757359,262.70277582243546,575.5293490108004,688.9876610198887,1142.8209090562418,0.01107760500757359,0.04647532989350645,0.056729156004544146,0.0016658533573586768,0.009411751650214913,0.015192672574669957
135,Europe,Europe & Central Asia,Portugal,Portuguese Republic,Portugal,1. High income: OECD,0.6808583416528691,0.0,416691.3482523461,2770917.4673884073,6571165.064651919,14396111.118589291,17234121.84700439,28586164.760664783,277.09174673884075,1162.5193651200882,1419.0053642075493,41.66913482523461,235.42261191360612,380.02475972635114
148,Europe,Europe & Central Asia,Gibraltar (UK),,Gibraltar,1. High income: OECD,7.992325937942569e-07,0.0,0.0,0.0,0.0,0.0,0.0,0.0,0.0,0.0,0.0,0.0,0.0,0.0
162,Europe,Europe & Central Asia,Vatican City,State of the Vatican City,Vatican City,2. High income: nonOECD,0.0,0.0,0.0,0.0,0.0,0.0,0.0,0.0,0.0,0.0,0.0,0.0,0.0,0.0
20,Europe,Europe & Central Asia,France,French Republic,France,1. High income: OECD,20.819174332909295,0.0,7763690.566701529,51627051.756409355,122432328.9615829,268224796.50067797,321101913.3710064,532610380.8523202,5162.7051756409355,21659.774474426864,26438.55843516422,776.3690566701529,4386.336118970782,7080.527720517355
47,Europe,Europe & Central Asia,Germany,Federal Republic of Germany,Germany,1. High income: OECD,15.909514482655405,0.0,4520857.109195908,30062831.839387655,71293292.80012031,156189375.10513145,186980129.53605792,310143147.25976384,3006.2831839387654,12612.654326574379,15395.377215463239,452.0857109195908,2554.197473019175,4123.046096073265
55,Europe,Europe & Central Asia,Luxembourg,Grand Duchy of Luxembourg,Luxembourg,1. High income: OECD,0.06812112041620386,0.0,45835.18833861218,304795.2027830058,722814.5955169435,1583542.512297443,1895717.8353260648,3144419.127440551,30.479520278300576,127.87473095144374,156.08766151431078,4.583518833861218,25.89600144443936,41.80193927339377
57,Europe,Europe & Central Asia,Belgium,Kingdom of Belgium,Belgium,1. High income: OECD,1.18917880081995,0.0,539208.8934980079,3585635.6217407812,8503249.847553745,18628923.25335242,22301379.211515125,36991203.04416596,358.56356217407813,1504.3287631611638,1836.2279790813543,53.92088934980079,304.6426728242774,491.7614225812964
86,Europe,Europe & Central Asia,Austria,Republic of Austria,Austria,1. High income: OECD,1.515639010782277,0.0,413265.58343561436,2748136.789052609,6517141.226197301,14277755.671146793,17092434.124141034,28351147.936118003,274.8136789052609,1152.9618882094185,1407.339226497121,41.32655834356144,233.48712056169947,376.90044371446925
89,Europe,Europe & Central Asia,Switzerland,Swiss Confederation,Switzerland,1. High income: OECD,0.32566475197932476,0.0,278279.70444651786,1850506.609039484,4388432.540608488,9614179.809738109,11509493.427435605,19090747.89822558,185.0506609039484,776.3673200698626,947.656808848747,27.827970444651786,157.22269045929662,253.7925931569004
91,Europe,Europe & Central Asia,Liechtenstein,Principality of Liechtenstein,Liechtenstein,2. High income: nonOECD,0.0011711108161517286,0.0,779.8704356431373,5185.988673599029,12298.449159423368,26943.447462274085,32255.006419309666,53501.24224745198,0.5185988673599029,2.1757458788675055,2.6557794785177893,0.07798704356431373,0.4406118237955892,0.7112460485824338
116,Europe,Europe & Central Asia,Monaco,Principality of Monaco,Monaco,2. High income: nonOECD,1.6705162756270182e-06,0.0,0.0,0.0,0.0,0.0,0.0,0.0,0.0,0.0,0.0,0.0,0.0,0.0
234,Europe,Europe & Central Asia,Bonaire (Neth.),Kingdom of the Netherlands,Netherlands,1. High income: OECD,0.0,0.0,0.0,0.0,0.0,0.0,0.0,0.0,0.0,0.0,0.0,0.0,0.0,0.0
235,Europe,Europe & Central Asia,Sint Eustatius (Neth.),Kingdom of the Netherlands,Netherlands,1. High income: OECD,1.8956868455897636e-05,0.0,0.0,0.0,0.0,0.0,0.0,0.0,0.0,0.0,0.0,0.0,0.0,0.0
236,Europe,Europe & Central Asia,Saba (Neth.),Kingdom of the Netherlands,Netherlands,1. High income: OECD,0.0,0.0,0.0,0.0,0.0,0.0,0.0,0.0,0.0,0.0,0.0,0.0,0.0,0.0
237,Europe,Europe & Central Asia,Netherlands,Kingdom of the Netherlands,Netherlands,1. High income: OECD,1.2668037012502091,0.0,603199.4328646204,4011160.423304869,9512371.823610393,20839708.092355914,24947992.243259348,41381128.84687307,401.1160423304869,1682.8547669051043,2054.1420754517153,60.319943286462035,340.79609904402486,550.1211400305524
155,Oceania,East Asia & Pacific,Papua New Guinea,Independent State of Papua New Guinea,Papua New Guinea,4. Lower middle income,0.018630075653070996,0.0,36727.278282378786,546780.8759302326,1385592.4038145032,2989791.7625521678,3552849.724550194,5805677.400406011,54.67808759302326,244.30108866219354,281.58856378538434,3.6727278282378784,51.005359764785375,83.88115278842706
165,Oceania,East Asia & Pacific,Fiji,Republic of Fiji,Fiji,4. Lower middle income,0.0332834241924697,0.0,83530.83294787563,1243573.282377819,3151327.6515348246,6799844.909457974,8080438.047942566,13204165.725377066,124.3573282377819,555.6271627080156,640.4320815919092,8.353083294787563,116.00424494299435,190.77543691570057
218,Oceania,East Asia & Pacific,Solomon Islands,,Solomon Islands,4. Lower middle income,5.214562066675978e-05,0.0,0.0,0.0,0.0,0.0,0.0,0.0,0.0,0.0,0.0,0.0,0.0,0.0
225,Oceania,East Asia & Pacific,Vanuatu,Republic of Vanuatu,Vanuatu,4. Lower middle income,7.04333363600725e-05,0.0,92.50445076060952,1377.1688777329991,3489.8710246772916,7530.344142494674,8948.509875347396,14622.673509556264,0.1377168877732999,0.6153175264761674,0.709232936706159,0.009250445076060952,0.12846644269723898,0.21127021469442925
181,Oceania,East Asia & Pacific,Kiribati,Republic of Kiribati,Kiribati,4. Lower middle income,0.0,0.0,0.0,0.0,0.0,0.0,0.0,0.0,0.0,0.0,0.0,0.0,0.0,0.0
182,Oceania,East Asia & Pacific,Marshall Islands,Republic of the Marshall Islands,Marshall Islands,4. Lower middle income,0.0,0.0,0.0,0.0,0.0,0.0,0.0,0.0,0.0,0.0,0.0,0.0,0.0,0.0
222,Oceania,East Asia & Pacific,"Micronesia, Federated States of",Federated States of Micronesia,Federated States of Micronesia,4. Lower middle income,0.0,0.0,0.0,0.0,0.0,0.0,0.0,0.0,0.0,0.0,0.0,0.0,0.0,0.0
228,Oceania,East Asia & Pacific,Palau,Republic of Palau,Palau,3. Upper middle income,6.536573100169092e-07,0.0,0.0,0.0,0.0,0.0,0.0,0.0,0.0,0.0,0.0,0.0,0.0,0.0
219,Oceania,East Asia & Pacific,Tuvalu,Tuvalu,Tuvalu,3. Upper middle income,0.0,0.0,0.0,0.0,0.0,0.0,0.0,0.0,0.0,0.0,0.0,0.0,0.0,0.0
163,Oceania,East Asia & Pacific,Australia,Commonwealth of Australia,Australia,1. High income: OECD,43.91857176352298,0.0,1287516.9240395594,19168031.6218562,48573533.165613115,104810584.22145237,124549227.79078816,203524689.49824375,1916.80316218562,8564.255259959617,9871.410527679138,128.75169240395596,1788.051469781664,2940.5501543756914
213,Oceania,East Asia & Pacific,Norfolk Island (Aus.),Territory of Norfolk Island,Norfolk Island,4. Lower middle income,0.0,0.0,0.0,0.0,0.0,0.0,0.0,0.0,0.0,0.0,0.0,0.0,0.0,0.0
250,Oceania,East Asia & Pacific,New Zealand,New Zealand,New Zealand,1. High income: OECD,0.6097548690683768,0.0,71927.63684007744,1070829.5880960645,2713579.439883409,5855284.305874758,6957991.353729682,11369986.429607049,107.08295880960645,478.4454717778694,551.4702123732291,7.192763684007744,99.89019512559871,164.27498517873445
166,Oceania,East Asia & Pacific,New Caledonia (Fr.),New Caledonia,New Caledonia,2. High income: nonOECD,0.0016920039650513122,0.0,1172.9671822298544,17462.661360473583,44251.97002417579,95485.63855485637,113468.14480100483,185417.1988714193,1.7462661360473584,7.802297719438278,8.993156031656293,0.11729671822298544,1.6289694178243728,2.6789308663702207
221,Oceania,East Asia & Pacific,Nauru,Republic of Nauru,Nauru,4. Lower middle income,0.0,0.0,0.0,0.0,0.0,0.0,0.0,0.0,0.0,0.0,0.0,0.0,0.0,0.0
229,Oceania,East Asia & Pacific,Guam (US),Territory of Guam,Guam,2. High income: nonOECD,0.0,0.0,0.0,0.0,0.0,0.0,0.0,0.0,0.0,0.0,0.0,0.0,0.0,0.0
230,Oceania,East Asia & Pacific,Northern Mariana Islands (US),Commonwealth of the Northern Mariana Islands,Northern Mariana Islands,2. High income: nonOECD,0.0,0.0,0.0,0.0,0.0,0.0,0.0,0.0,0.0,0.0,0.0,0.0,0.0,0.0
179,Seven seas (open ocean),Sub-Saharan Africa,French Southern and Antarctic Lands (Fr.),Territory of the French Southern and Antarctic Lands,French Southern and Antarctic Lands,2. High income: nonOECD,0.0,0.0,0.0,0.0,0.0,0.0,0.0,0.0,0.0,0.0,0.0,0.0,0.0,0.0
211,Seven seas (open ocean),Sub-Saharan Africa,British Indian Ocean Territory (UK),,British Indian Ocean Territory,2. High income: nonOECD,0.0,0.0,0.0,0.0,0.0,0.0,0.0,0.0,0.0,0.0,0.0,0.0,0.0,0.0
238,Asia,East Asia & Pacific,Cocos (Keeling) Islands (Aus.),,Australian Indian Ocean Territories,2. High income: nonOECD,0.0,0.0,0.0,0.0,0.0,0.0,0.0,0.0,0.0,0.0,0.0,0.0,0.0,0.0
239,Asia,East Asia & Pacific,Christmas Island (Aus.),,Australian Indian Ocean Territories,2. High income: nonOECD,0.0,0.0,0.0,0.0,0.0,0.0,0.0,0.0,0.0,0.0,0.0,0.0,0.0,0.0
240,North America,East Asia & Pacific,Johnston Atoll (US),,United States Minor Outlying Islands,5. Low income,0.0,0.0,0.0,0.0,0.0,0.0,0.0,0.0,0.0,0.0,0.0,0.0,0.0,0.0
244,North America,East Asia & Pacific,Wake Island (US),,United States Minor Outlying Islands,5. Low income,0.0,0.0,0.0,0.0,0.0,0.0,0.0,0.0,0.0,0.0,0.0,0.0,0.0,0.0
246,North America,East Asia & Pacific,Navassa Island (US),,United States Minor Outlying Islands,5. Low income,0.0,0.0,0.0,0.0,0.0,0.0,0.0,0.0,0.0,0.0,0.0,0.0,0.0,0.0
247,North America,East Asia & Pacific,Palmyra Atoll (US),,United States Minor Outlying Islands,5. Low income,0.0,0.0,0.0,0.0,0.0,0.0,0.0,0.0,0.0,0.0,0.0,0.0,0.0,0.0
248,North America,East Asia & Pacific,Kingman Reef (US),,United States Minor Outlying Islands,5. Low income,0.0,0.0,0.0,0.0,0.0,0.0,0.0,0.0,0.0,0.0,0.0,0.0,0.0,0.0
