Year,Region,Annual_CO2_Mean,Annual_CI_Lower,Annual_CI_Upper,Cumulative_CO2_Mean,Cumulative_CI_Lower,Cumulative_CI_Upper
2026,North America,0.0020267256532541062,-0.0010639097391108414,0.005117361045619054,0.0020267256532541062,-0.0010639097391108414,0.005117361045619054
2027,North America,0.002808350343426178,-0.0021292429136009657,0.007745943600453321,0.004835075996680284,-0.000990029521709812,0.010660181515070378
2028,North America,0.0041591299742520646,-0.0024640188602288293,0.010782278808732958,0.00899420597093235,0.00017389107949767075,0.017814520862367025
2029,North America,0.00556248191745585,-0.0022490478894948737,0.013374011724406575,0.0145566878883882,0.002774584820219768,0.026338790956556633
2030,North America,0.007061471218418044,-0.0017370132382855145,0.015859955675121603,0.021618159106806246,0.006913354400731495,0.03632296381288099
2031,North America,0.00882719963784266,-0.0009364380898573864,0.018590837365542703,0.030445358744648904,0.012794299197937101,0.04809641829136071
2032,North America,0.01052426421769087,9.891287441410683e-05,0.02094961556096763,0.040969622962339775,0.02046967530991079,0.06146957061476876
2033,North America,0.01218061739922459,0.001146802490097316,0.02321443230835187,0.05315024036156437,0.029869498852729052,0.07643098187039968
2034,North America,0.013886346490411502,0.0020019118761292697,0.025770781104693732,0.06703658685197587,0.040897866315148565,0.09317530738880318
2035,North America,0.015504638834724808,0.0030123046882084346,0.02799697298124118,0.08254122568670069,0.05357070405296795,0.11151174732043342
2036,North America,0.017110018966328955,0.004020023399284934,0.030200014533372975,0.09965124465302964,0.06786069404949639,0.1314417952565629
2037,North America,0.01992793311521423,0.0076315345123948155,0.03222433171803364,0.11957917776824388,0.08549339588964781,0.15366495964683996
2038,North America,0.021599230948377346,0.008842150366350025,0.034356311530404665,0.1411784087166212,0.10478357898420503,0.17757323844903744
2039,North America,0.023224969550631958,0.010023375477269472,0.03642656362399445,0.16440337826725318,0.12568819110085291,0.20311856543365348
2040,North America,0.024884827134891322,0.011012330395267722,0.03875732387451492,0.18928820540214453,0.14816264299723297,0.23041376780705608
2041,North America,0.026453178248282735,0.012165021922102547,0.04074133457446292,0.21574138365042725,0.17220446489953678,0.2592783024013177
2042,North America,0.02800495915800358,0.013339423200765055,0.04267049511524211,0.24374634280843083,0.19780571548103473,0.28968697013582695
2043,North America,0.029635907534029775,0.014362694390437653,0.04490912067762189,0.27338225034246055,0.22496931530476338,0.3217951853801578
2044,North America,0.03119564817228175,0.015484185271881626,0.046907111072681876,0.3045778985147423,0.2536793489731794,0.35547644805630524
2045,North America,0.032749435326352626,0.016524281609609368,0.04897458904309589,0.337327333841095,0.28390526013961004,0.39074940754257986
2046,North America,0.03526943200826388,0.018326485847260057,0.0522123781692677,0.37259676584935886,0.31655230686203734,0.4286412248366804
2047,North America,0.03675108384537218,0.01927440559089091,0.054227762099853444,0.40934784969473104,0.35064166887880494,0.4680540305106572
2048,North America,0.038195776157480606,0.020217259345082884,0.05617429296987833,0.44754362585221164,0.3861462095159693,0.508941042188454
2049,North America,0.03968508491768922,0.02099744972189384,0.0583727201134846,0.4872287107699009,0.4230502841611329,0.5514071373786688
2050,North America,0.04108939720704979,0.02191224356992564,0.06026655084417394,0.5283181079769507,0.4613357695316644,0.5953004464222369
2051,North America,0.04240269064997828,0.02303070713744994,0.06177467416250662,0.5707207986269289,0.5009934194361939,0.6404481778176639
2052,North America,0.04373448769024841,0.024148754603366233,0.06332022077713058,0.6144552863171773,0.5420294045527201,0.6868811680816346
2053,North America,0.04499463703799182,0.025473783827531703,0.06451549024845193,0.659449923355169,0.5844394436911683,0.7344604030191698
2054,North America,0.046136645389899,0.027057098749242562,0.06521619203055544,0.7055865687450681,0.6281875948537015,0.7829855426364347
2055,North America,0.04725407946571295,0.028647768934439703,0.0658603899969862,0.752840648210781,0.673236653643783,0.8324446427777789
2056,North America,0.04988055596695422,0.029712873334699616,0.07004823859920882,0.8027212041777352,0.7206021967934642,0.8848402115620062
2057,North America,0.05069182461196804,0.031263494922390646,0.07012015430154545,0.8534130287897033,0.7690270621346671,0.9377989954447394
2058,North America,0.05148991219359315,0.032733864387769984,0.07024595999941631,0.9049029409832964,0.8184576941642884,0.9913481878023044
2059,North America,0.05226495282944645,0.03410455736766244,0.07042534829123046,0.9571678938127428,0.868835676242212,1.0455001113832736
2060,North America,0.052962277311216034,0.03535885224628073,0.07056570237615134,1.0101301711239588,0.920060968646395,1.1001993736015228
2061,North America,0.053606694304136115,0.03651517457771501,0.07069821403055722,1.063736865428095,0.972060361996174,1.155413368860016
2062,North America,0.05420455084442518,0.03756752837579655,0.07084157331305381,1.11794141627252,1.024767536895708,1.2111152956493318
2063,North America,0.05468297344769756,0.03834189564331036,0.07102405125208477,1.1726243897202178,1.0780283928602357,1.2672203865801996
2064,North America,0.054969178901061136,0.038962925709760385,0.07097543209236189,1.2275935686212787,1.1316529475936987,1.3235341896488588
2065,North America,0.05521329234072135,0.039472961742400316,0.0709536229390424,1.282806860962,1.185583608750905,1.3800301131730952
2066,North America,0.055429864422831335,0.03990950238443856,0.0709502264612241,1.3382367253848315,1.239782459817996,1.4366909909516667
2067,North America,0.055429864422831335,0.03990950238443856,0.0709502264612241,1.3936665898076628,1.293996513826415,1.4933366657889107
2068,North America,0.055429864422831335,0.03990950238443856,0.0709502264612241,1.449096454230494,1.3482252210472394,1.5499676874137487
2069,North America,0.055429864422831335,0.03990950238443856,0.0709502264612241,1.5045263186533253,1.4024680641037137,1.606584573202937
2070,North America,0.055429864422831335,0.03990950238443856,0.0709502264612241,1.5599561830761566,1.4567245553668344,1.6631878107854787
2071,North America,0.055429864422831335,0.03990950238443856,0.0709502264612241,1.6153860474989878,1.5109942346144571,1.7197778603835188
2072,North America,0.055429864422831335,0.03990950238443856,0.0709502264612241,1.670815911921819,1.5652766669220484,1.77635515692159
2073,North America,0.055429864422831335,0.03990950238443856,0.0709502264612241,1.7262457763446506,1.6195714407576667,1.8329201119316345
2074,North America,0.055429864422831335,0.03990950238443856,0.0709502264612241,1.7816756407674819,1.6738781662575135,1.88947311527745
2075,North America,0.055429864422831335,0.03990950238443856,0.0709502264612241,1.8371055051903131,1.728196473661564,1.946014536719062
2076,North America,0.055429864422831335,0.03990950238443856,0.0709502264612241,1.8925353696131444,1.7825260118914814,2.0025447273348074
2077,North America,0.055429864422831335,0.03990950238443856,0.0709502264612241,1.9479652340359757,1.8368664472553111,2.05906402081664
2078,North America,0.055429864422831335,0.03990950238443856,0.0709502264612241,2.003395098458807,1.891217462265409,2.115572734652205
2079,North America,0.055429864422831335,0.03990950238443856,0.0709502264612241,2.0588249628816384,1.945578754557734,2.1720711712055425
2080,North America,0.055429864422831335,0.03990950238443856,0.0709502264612241,2.1142548273044697,1.9999500359020794,2.2285596187068597
2081,North America,0.055429864422831335,0.03990950238443856,0.0709502264612241,2.169684691727301,2.0543310312940632,2.2850383521605386
2082,North America,0.055429864422831335,0.03990950238443856,0.0709502264612241,2.2251145561501326,2.108721478120769,2.3415076341794965
2083,North America,0.055429864422831335,0.03990950238443856,0.0709502264612241,2.2805444205729644,2.1631211253928666,2.3979677157530617
2084,North America,0.055429864422831335,0.03990950238443856,0.0709502264612241,2.3359742849957956,2.2175297330368515,2.45441883695474
2085,North America,0.055429864422831335,0.03990950238443856,0.0709502264612241,2.3914041494186273,2.2719470712417444,2.5108612275955102
2086,North America,0.055429864422831335,0.03990950238443856,0.0709502264612241,2.4468340138414586,2.326372919855223,2.5672951078276944
2087,North America,0.055429864422831335,0.03990950238443856,0.0709502264612241,2.5022638782642903,2.38080706782468,2.6237206887039006
2088,North America,0.055429864422831335,0.03990950238443856,0.0709502264612241,2.557693742687122,2.4352493126791943,2.6801381726950493
2089,North America,0.055429864422831335,0.03990950238443856,0.0709502264612241,2.6131236071099533,2.489699460048817,2.73654775417109
2090,North America,0.055429864422831335,0.03990950238443856,0.0709502264612241,2.668553471532785,2.544157323217928,2.7929496198476413
2091,North America,0.055429864422831335,0.03990950238443856,0.0709502264612241,2.7239833359556163,2.5986227227097705,2.849343949201462
2092,North America,0.055429864422831335,0.03990950238443856,0.0709502264612241,2.779413200378448,2.6530954858995304,2.9057309148573656
2093,North America,0.055429864422831335,0.03990950238443856,0.0709502264612241,2.8348430648012797,2.7075754466536135,2.9621106829489454
2094,North America,0.055429864422831335,0.03990950238443856,0.0709502264612241,2.890272929224111,2.762062444992973,3.0184834134552494
2095,North America,0.055429864422831335,0.03990950238443856,0.0709502264612241,2.9457027936469427,2.8165563267785623,3.074849260515323
2096,North America,0.055429864422831335,0.03990950238443856,0.0709502264612241,3.0011326580697744,2.87105694341716,3.131208372722389
2097,North America,0.055429864422831335,0.03990950238443856,0.0709502264612241,3.0565625224926056,2.9255641515859745,3.1875608933992368
2098,North America,0.055429864422831335,0.03990950238443856,0.0709502264612241,3.1119923869154373,2.9800778129745944,3.24390696085628
2099,North America,0.055429864422831335,0.03990950238443856,0.0709502264612241,3.1674222513382686,3.0345977940429467,3.3002467086335905
2100,North America,0.055429864422831335,0.03990950238443856,0.0709502264612241,3.2228521157611003,3.0891239657940885,3.356580265728112
2026,Europe & Central Asia,0.0,0.0,0.0,0.0,0.0,0.0
2027,Europe & Central Asia,0.0,0.0,0.0,0.0,0.0,0.0
2028,Europe & Central Asia,0.0,0.0,0.0,0.0,0.0,0.0
2029,Europe & Central Asia,0.0,0.0,0.0,0.0,0.0,0.0
2030,Europe & Central Asia,-5.9863001926502224e-05,-0.0002945259694783909,0.0001747999656253865,-5.9863001926502224e-05,-0.0002945259694783909,0.0001747999656253865
2031,Europe & Central Asia,0.0010571437867160848,-0.001527224673954045,0.0036415122473862148,0.0009972807847895826,-0.0015977196099785482,0.003592281179557714
2032,Europe & Central Asia,0.002124693774854741,-0.003080163786233744,0.007329551335943226,0.003121974559644324,-0.0026939148203273004,0.008937863939615948
2033,Europe & Central Asia,0.0031396650527216567,-0.0045259238584097715,0.010805253963853085,0.00626163961236598,-0.0033605130903574497,0.015883792315089414
2034,Europe & Central Asia,0.005352951192431494,-0.0035670574147661552,0.014272959799629144,0.011614590804797474,-0.0015060942454202938,0.02473527585501524
2035,Europe & Central Asia,0.007756149071926585,-0.0030487232383564727,0.018561021382209643,0.019370739876724056,0.0023737506777944564,0.03636772907565366
2036,Europe & Central Asia,0.01008903027846836,-0.0022518987565950826,0.0224299593135318,0.029459770155192418,0.008455099929811548,0.05046444038057329
2037,Europe & Central Asia,0.01298997007822607,0.0004619413659701608,0.02551799879048198,0.042449740233418486,0.01799268246491105,0.06690679800192592
2038,Europe & Central Asia,0.015499561318435634,0.002177072358918145,0.02882205027795312,0.05794930155185412,0.03009905223935109,0.08579955086435714
2039,Europe & Central Asia,0.01798602581434808,0.004548430360981118,0.03142362126771505,0.0759353273662022,0.0450127569954047,0.10685789773699972
2040,Europe & Central Asia,0.02056857194002104,0.007432649729375947,0.033704494150666134,0.09650389930622325,0.06290690821087301,0.13010089040157347
2041,Europe & Central Asia,0.022926329277411037,0.009503399153502859,0.036349259401319216,0.11943022858363429,0.08325105137114969,0.15560940579611887
2042,Europe & Central Asia,0.02501307390730386,0.011378674750798744,0.03864747306380898,0.14444330249093815,0.10578027487887352,0.18310633010300278
2043,Europe & Central Asia,0.026953377504250222,0.01306112401853921,0.04084563098996123,0.17139667999518837,0.1303135397665919,0.21247982022378487
2044,Europe & Central Asia,0.02887119550846256,0.014444549082807658,0.04329784193411746,0.20026787550365094,0.15672533839184058,0.2438104126154613
2045,Europe & Central Asia,0.030637268317995417,0.01585703329236568,0.04541750334362516,0.23090514382164637,0.1849224526700159,0.27688783497327685
2046,Europe & Central Asia,0.033360231816796926,0.018158421950742753,0.04856204168285111,0.26426537563844327,0.21583498323088687,0.3126957680459997
2047,Europe & Central Asia,0.035029306839198845,0.01931295598293679,0.05074565769546089,0.2992946824776421,0.2483780192622759,0.3502113456930083
2048,Europe & Central Asia,0.03660189352070139,0.020540017240229216,0.05266376980117355,0.33589657599834355,0.2825065913323388,0.38928656066434825
2049,Europe & Central Asia,0.03815236766297121,0.02170312556789253,0.054601609758049896,0.37404894366131475,0.3181824239188184,0.42991546340381104
2050,Europe & Central Asia,0.0397368747871512,0.022692512187829392,0.056781237386473,0.41378581844846596,0.3553771005670068,0.47219453632992514
2051,Europe & Central Asia,0.04122314407814991,0.023738120324777772,0.058708167831522065,0.4550089625266159,0.3940392620171671,0.5159786630360647
2052,Europe & Central Asia,0.04267081704596809,0.0247345464905499,0.060607087601386285,0.49767977957258397,0.43412654061775935,0.5612330185274086
2053,Europe & Central Asia,0.044148181865321275,0.02557047726522146,0.06272588646542109,0.5418279614379052,0.47561508285784637,0.608040840017964
2054,Europe & Central Asia,0.045542343418627285,0.026476136803919196,0.06460855003333538,0.5873703048565324,0.518466999242561,0.6562736104705039
2055,Europe & Central Asia,0.046896405861667746,0.027402845151753133,0.06638996657158236,0.6342667107182002,0.5626589986078173,0.7058744228285831
2056,Europe & Central Asia,0.050664998675531175,0.02759995932618807,0.07373003802487428,0.6849317093937314,0.6097009944305581,0.7601624243569046
2057,Europe & Central Asia,0.05191613747261154,0.028647037074726114,0.07518523787049695,0.7368478468663429,0.6581007103647716,0.8155949833679143
2058,Europe & Central Asia,0.05298459671037511,0.029902823320115166,0.07606637010063505,0.789832443576718,0.7077722231892707,0.8718926639641652
2059,Europe & Central Asia,0.05409818432006073,0.031136067895388513,0.07706030074473294,0.8439306278967788,0.7587183132894603,0.9291429425040971
2060,Europe & Central Asia,0.05508670719723787,0.03247738400221238,0.07769603039226335,0.8990173350940166,0.8108565725288384,0.9871780976591947
2061,Europe & Central Asia,0.05588151204349965,0.033953303579011586,0.0778097205079877,0.9548988471375163,0.8640519078245391,1.0457457864504935
2062,Europe & Central Asia,0.05662728000264875,0.03540715393100554,0.07784740607429196,1.011526127140165,0.918233790193167,1.104818464087163
2063,Europe & Central Asia,0.05737577264447944,0.036778106231379434,0.07797343905757945,1.0689018997846444,0.973362776935952,1.1644410226333368
2064,Europe & Central Asia,0.058106308319900914,0.0380681509599149,0.07814446567988693,1.1270082081045454,1.0293903217051712,1.2246260945039193
2065,Europe & Central Asia,0.05877969685108016,0.03926498918527776,0.07829440451688255,1.1857879049556255,1.0862385425249057,1.2853372673863455
2066,Europe & Central Asia,0.05939806060758235,0.04037266544754395,0.07842345576762075,1.2451859655632078,1.1438348865291963,1.3465370445972196
2067,Europe & Central Asia,0.05996863298578013,0.04139594053628181,0.07854132543527846,1.305154598548988,1.20211583823918,1.4081933588587963
2068,Europe & Central Asia,0.060439997803154885,0.042204768117006075,0.0786752274893037,1.365594596352143,1.2609546913068463,1.4702345013974396
2069,Europe & Central Asia,0.06082844095084293,0.042836045093616125,0.07882083680806974,1.4264230373029858,1.3202475408992873,1.5325985337066845
2070,Europe & Central Asia,0.061154526011876535,0.04333416358119954,0.07897488844255353,1.4875775633148625,1.3799169792846218,1.5952381473451032
2071,Europe & Central Asia,0.06135043742821021,0.043746080200616745,0.07895479465580368,1.5489280007430728,1.4398376036078102,1.6580183978783352
2072,Europe & Central Asia,0.06152123390306508,0.04409632932747616,0.07894613847865402,1.6104492346461377,1.4999759707014275,1.720922498590848
2073,Europe & Central Asia,0.06167629922104064,0.04440693543914926,0.07894566300293203,1.6721255338671785,1.5603106289035336,1.7839404388308233
2074,Europe & Central Asia,0.06167629922104064,0.04440693543914926,0.07894566300293203,1.7338018330882192,1.6206611953957426,1.8469424707806956
2075,Europe & Central Asia,0.06167629922104064,0.04440693543914926,0.07894566300293203,1.79547813230926,1.6810271173601055,1.9099291472584143
2076,Europe & Central Asia,0.06167629922104064,0.04440693543914926,0.07894566300293203,1.8571544315303006,1.7414078732733793,1.9729009897872218
2077,Europe & Central Asia,0.06167629922104064,0.04440693543914926,0.07894566300293203,1.9188307307513413,1.801802970481591,2.0358584910210915
2078,Europe & Central Asia,0.06167629922104064,0.04440693543914926,0.07894566300293203,1.9805070299723821,1.8622119430110655,2.098802116933699
2079,Europe & Central Asia,0.06167629922104064,0.04440693543914926,0.07894566300293203,2.042183329193423,1.922634349588339,2.1617323087985065
2080,Europe & Central Asia,0.06167629922104064,0.04440693543914926,0.07894566300293203,2.1038596284144635,1.9830697718450974,2.2246494849838294
2081,Europe & Central Asia,0.06167629922104064,0.04440693543914926,0.07894566300293203,2.165535927635504,2.0435178126874387,2.28755404258357
2082,Europe & Central Asia,0.06167629922104064,0.04440693543914926,0.07894566300293203,2.227212226856545,2.103978094811439,2.350446358901651
2083,Europe & Central Asia,0.06167629922104064,0.04440693543914926,0.07894566300293203,2.2888885260775855,2.1644502593492922,2.4133267928058793
2084,Europe & Central Asia,0.06167629922104064,0.04440693543914926,0.07894566300293203,2.350564825298626,2.224933964632255,2.476195685964998
2085,Europe & Central Asia,0.06167629922104064,0.04440693543914926,0.07894566300293203,2.4122411245196673,2.28542888505831,2.5390533639810244
2086,Europe & Central Asia,0.06167629922104064,0.04440693543914926,0.07894566300293203,2.473917423740708,2.345934710053914,2.6019001374275015
2087,Europe & Central Asia,0.06167629922104064,0.04440693543914926,0.07894566300293203,2.5355937229617487,2.4064511431204463,2.664736302803051
2088,Europe & Central Asia,0.06167629922104064,0.04440693543914926,0.07894566300293203,2.5972700221827894,2.4669779009570667,2.727562143408512
2089,Europe & Central Asia,0.06167629922104064,0.04440693543914926,0.07894566300293203,2.65894632140383,2.527514712652625,2.790377930155035
2090,Europe & Central Asia,0.06167629922104064,0.04440693543914926,0.07894566300293203,2.7206226206248707,2.5880613189400994,2.8531839223096425
2091,Europe & Central Asia,0.06167629922104064,0.04440693543914926,0.07894566300293203,2.7822989198459114,2.6486174715077357,2.9159803681840875
2092,Europe & Central Asia,0.06167629922104064,0.04440693543914926,0.07894566300293203,2.843975219066952,2.7091829323617267,2.978767505772178
2093,Europe & Central Asia,0.06167629922104064,0.04440693543914926,0.07894566300293203,2.905651518287993,2.769757473235772,3.0415455633402138
2094,Europe & Central Asia,0.06167629922104064,0.04440693543914926,0.07894566300293203,2.967327817509034,2.8303408750433876,3.10431475997468
2095,Europe & Central Asia,0.06167629922104064,0.04440693543914926,0.07894566300293203,3.0290041167300745,2.8909329273692324,3.1670753060909167
2096,Europe & Central Asia,0.06167629922104064,0.04440693543914926,0.07894566300293203,3.090680415951115,2.9515334279961154,3.229827403906115
2097,Europe & Central Asia,0.06167629922104064,0.04440693543914926,0.07894566300293203,3.152356715172156,3.0121421824646646,3.292571247879647
2098,Europe & Central Asia,0.06167629922104064,0.04440693543914926,0.07894566300293203,3.2140330143931966,3.072759003662944,3.355307025123449
2099,Europe & Central Asia,0.06167629922104064,0.04440693543914926,0.07894566300293203,3.2757093136142372,3.133383711443571,3.4180349157849035
2100,Europe & Central Asia,0.06167629922104064,0.04440693543914926,0.07894566300293203,3.337385612835278,3.1940161322661065,3.4807550934044493
2026,East Asia & Pacific,0.0,0.0,0.0,0.0,0.0,0.0
2027,East Asia & Pacific,0.0,0.0,0.0,0.0,0.0,0.0
2028,East Asia & Pacific,0.0,0.0,0.0,0.0,0.0,0.0
2029,East Asia & Pacific,0.0,0.0,0.0,0.0,0.0,0.0
2030,East Asia & Pacific,0.0,0.0,0.0,0.0,0.0,0.0
2031,East Asia & Pacific,0.0,0.0,0.0,0.0,0.0,0.0
2032,East Asia & Pacific,0.0,0.0,0.0,0.0,0.0,0.0
2033,East Asia & Pacific,0.0009149847961574716,-0.001640789848476553,0.003470759440791496,0.0009149847961574716,-0.001640789848476553,0.003470759440791496
2034,East Asia & Pacific,0.006333724384763877,-0.009236979150326773,0.02190442791985453,0.007248709180921349,-0.008530352661020923,0.023027771022863623
2035,East Asia & Pacific,0.012328739060178479,-0.017849491510272614,0.04250696963062957,0.01957744824109983,-0.014476984553694271,0.053631881035893926
2036,East Asia & Pacific,0.020373709957056705,-0.021354221325364495,0.0621016412394779,0.03995115819815653,-0.01390907427521488,0.09381139067152795
2037,East Asia & Pacific,0.032135828948206296,-0.01859983772959028,0.08287149562600288,0.07208698714636284,-0.0019064755062667578,0.14608044979899246
2038,East Asia & Pacific,0.04677819583052158,-0.01292154629994347,0.10647793796098662,0.11886518297688442,0.02379104492783287,0.213939321025936
2039,East Asia & Pacific,0.060962045474457445,-0.005174525874832645,0.12709861682374754,0.17982722845134186,0.06401212669164107,0.29564233021104264
2040,East Asia & Pacific,0.07409570151057045,0.00598940666182293,0.14220199635931796,0.25392292996191235,0.11956666775715172,0.38827919216667295
2041,East Asia & Pacific,0.08740895224971562,0.018544652508782164,0.1562732519906491,0.34133188221162797,0.19035540400245954,0.4923083604207964
2042,East Asia & Pacific,0.10073386110450278,0.034987327753881865,0.1664803944551237,0.44206574331613074,0.27739484843768597,0.6067366381945756
2043,East Asia & Pacific,0.11286558017572704,0.051213412078574834,0.17451774827287925,0.5549313234918578,0.3790976138365493,0.7307650331471662
2044,East Asia & Pacific,0.12325942625527993,0.06315557070173194,0.1833632818088279,0.6781907497471377,0.4923683428540262,0.8640131566402491
2045,East Asia & Pacific,0.13197260588690773,0.07317785798841689,0.19076735378539855,0.8101633556340454,0.6152613564549806,1.00506535481311
2046,East Asia & Pacific,0.14405960552900968,0.08449950172235994,0.20361970933565937,0.954222961163055,0.7504235616314199,1.1580223606946902
2047,East Asia & Pacific,0.1507106448462674,0.0903826511699944,0.2110386385225404,1.1049336060093224,0.892392640380436,1.3174745716382088
2048,East Asia & Pacific,0.15664821304675663,0.09550094159006402,0.21779548450344924,1.2615818190560788,1.040419772409151,1.482743865703007
2049,East Asia & Pacific,0.16219871745216052,0.09975188613118803,0.22464554877313303,1.4237805365082394,1.1939713599745598,1.6535897130419193
2050,East Asia & Pacific,0.16767787675088353,0.10307671326989212,0.2322790402318749,1.5914584132591232,1.352741912065373,1.8301749144528732
2051,East Asia & Pacific,0.17277385994162073,0.10637494172053379,0.23917277816270768,1.7642322732007438,1.5164533711870407,2.012011175214447
2052,East Asia & Pacific,0.17769878690497418,0.10961547702745306,0.24578209678249527,1.941931060105718,1.6849685699111474,2.1988935503002893
2053,East Asia & Pacific,0.18278829663219992,0.11258775142929749,0.25298884183510234,2.124719356737918,1.8583402323422935,2.3910984811335427
2054,East Asia & Pacific,0.18770294665477114,0.1161733880784235,0.2592325052311188,2.3124223033926894,2.0366065756614615,2.5882380311239173
2055,East Asia & Pacific,0.19236652841422372,0.12042468791952163,0.26430836890892584,2.5047888318069127,2.2197450736263975,2.7898325899874283
2056,East Asia & Pacific,0.20292665548919786,0.12307235700559527,0.28278095397280045,2.7077154872961104,2.411697492802566,3.0037334817896553
2057,East Asia & Pacific,0.20692443156835078,0.12779237413213182,0.2860564890045697,2.9146399188644616,2.6082275568780866,3.221052280850836
2058,East Asia & Pacific,0.21064732938943767,0.13249947809873586,0.2887951806801395,3.125287248253899,2.8090664041600557,3.4415080923477426
2059,East Asia & Pacific,0.2142416261035312,0.13690916800192776,0.29157408420513464,3.3395288743574305,3.0139894277223735,3.6650683209924875
2060,East Asia & Pacific,0.21737111330053235,0.1412033189344213,0.29353890766664337,3.556899987657963,3.2225686187826246,3.891231356533301
2061,East Asia & Pacific,0.2199604265252615,0.14537238965672927,0.2945484633937937,3.7768604141832243,3.4343099223459492,4.119410906020499
2062,East Asia & Pacific,0.22233817324826416,0.14915117660677213,0.2955251698897562,3.9991985874314886,3.648917020780657,4.349480154082319
2063,East Asia & Pacific,0.22437447985846615,0.15255315962806745,0.2961958000888648,4.223573067289955,3.8660042236038774,4.581141910976031
2064,East Asia & Pacific,0.22605809030874185,0.15551785981149974,0.29659832080598403,4.449631157598697,4.085170731635051,4.814091583562343
2065,East Asia & Pacific,0.2274868778068623,0.15792672989311565,0.2970470257206089,4.677118035405559,4.306078931979269,5.048157138831848
2066,East Asia & Pacific,0.2287064827434117,0.15982993088605346,0.29758303460077,4.905824518148971,4.528446729100458,5.283202307197483
2067,East Asia & Pacific,0.2297888363522131,0.16147691929626506,0.2981007534081611,5.135613354501183,4.752102580625139,5.519124128377228
2068,East Asia & Pacific,0.23076978862874645,0.16302086808926708,0.2985187091682258,5.366383143129929,4.976934263412363,5.755832022847496
2069,East Asia & Pacific,0.23161886229828024,0.16443007417677366,0.2988076504197868,5.598002005428209,5.202799825319718,5.9932041855367
2070,East Asia & Pacific,0.23232833277984538,0.1656524116899866,0.2990042538697042,5.8303303382080545,5.429543060945309,6.231117615470801
2071,East Asia & Pacific,0.23287590251375453,0.16659975768814023,0.2991520473393689,6.06320624072181,5.656976048603313,6.469436432840307
2072,East Asia & Pacific,0.2332637923671612,0.16724555500328106,0.2992820297310413,6.29647003308897,5.884910345251028,6.708029720926913
2073,East Asia & Pacific,0.2335410338470913,0.1676713038340654,0.2994107638601171,6.530011066936062,6.113213516577073,6.9468086172950505
2074,East Asia & Pacific,0.2336879058136218,0.16796559625729662,0.299410215369947,6.763698972749683,6.34175155901348,7.185646386485886
2075,East Asia & Pacific,0.23380571603254413,0.16820043429453682,0.29941099777055147,6.997504688782228,6.570487507686907,7.424521869877548
2076,East Asia & Pacific,0.23391619130803903,0.16841965774178813,0.29941272487429,7.231420880090266,6.799409920900816,7.663431839279716
2077,East Asia & Pacific,0.23391619130803903,0.16841965774178813,0.29941272487429,7.465337071398305,7.028389403171337,7.902284739625273
2078,East Asia & Pacific,0.23391619130803903,0.16841965774178813,0.29941272487429,7.6992532627063435,7.2574240415380515,8.141082483874635
2079,East Asia & Pacific,0.23391619130803903,0.16841965774178813,0.29941272487429,7.933169454014382,7.486512027581805,8.379826880446961
2080,East Asia & Pacific,0.23391619130803903,0.16841965774178813,0.29941272487429,8.167085645322421,7.7156516495970555,8.618519641047786
2081,East Asia & Pacific,0.23391619130803903,0.16841965774178813,0.29941272487429,8.40100183663046,7.9448412855020605,8.857162387758859
2082,East Asia & Pacific,0.23391619130803903,0.16841965774178813,0.29941272487429,8.6349180279385,8.1740793964036,9.0957566594734
2083,East Asia & Pacific,0.23391619130803903,0.16841965774178813,0.29941272487429,8.868834219246539,8.403364520743882,9.334303917749194
2084,East Asia & Pacific,0.23391619130803903,0.16841965774178813,0.29941272487429,9.102750410554577,8.63269526896654,9.572805552142615
2085,East Asia & Pacific,0.23391619130803903,0.16841965774178813,0.29941272487429,9.336666601862616,8.862070318646508,9.811262885078724
2086,East Asia & Pacific,0.23391619130803903,0.16841965774178813,0.29941272487429,9.570582793170654,9.091488410035412,10.049677176305897
2087,East Asia & Pacific,0.23391619130803903,0.16841965774178813,0.29941272487429,9.804498984478693,9.320948341979964,10.288049626977422
2088,East Asia & Pacific,0.23391619130803903,0.16841965774178813,0.29941272487429,10.038415175786731,9.550448968175868,10.526381383397597
2089,East Asia & Pacific,0.23391619130803903,0.16841965774178813,0.29941272487429,10.27233136709477,9.77998919372413,10.76467354046541
2090,East Asia & Pacific,0.23391619130803903,0.16841965774178813,0.29941272487429,10.506247558402809,10.009567971960484,11.002927144845135
2091,East Asia & Pacific,0.23391619130803903,0.16841965774178813,0.29941272487429,10.740163749710847,10.239184301531868,11.241143197889828
2092,East Asia & Pacific,0.23391619130803903,0.16841965774178813,0.29941272487429,10.974079941018887,10.468837223696896,11.479322658340877
2093,East Asia & Pacific,0.23391619130803903,0.16841965774178813,0.29941272487429,11.207996132326926,10.698525819829616,11.717466444824234
2094,East Asia & Pacific,0.23391619130803903,0.16841965774178813,0.29941272487429,11.441912323634964,10.928249209108234,11.955575438161693
2095,East Asia & Pacific,0.23391619130803903,0.16841965774178813,0.29941272487429,11.675828514943003,11.158006546372246,12.19365048351376
2096,East Asia & Pacific,0.23391619130803903,0.16841965774178813,0.29941272487429,11.909744706251042,11.387797020133275,12.431692392368808
2097,East Asia & Pacific,0.23391619130803903,0.16841965774178813,0.29941272487429,12.14366089755908,11.61761985072634,12.66970194439182
2098,East Asia & Pacific,0.23391619130803903,0.16841965774178813,0.29941272487429,12.377577088867119,11.847474288589588,12.90767988914465
2099,East Asia & Pacific,0.23391619130803903,0.16841965774178813,0.29941272487429,12.611493280175157,12.077359612661795,13.14562694768852
2100,East Asia & Pacific,0.23391619130803903,0.16841965774178813,0.29941272487429,12.845409471483196,12.307275128887902,13.383543814078491
2026,Latin America & Caribbean,0.0,0.0,0.0,0.0,0.0,0.0
2027,Latin America & Caribbean,0.0,0.0,0.0,0.0,0.0,0.0
2028,Latin America & Caribbean,0.0,0.0,0.0,0.0,0.0,0.0
2029,Latin America & Caribbean,0.0,0.0,0.0,0.0,0.0,0.0
2030,Latin America & Caribbean,0.0,0.0,0.0,0.0,0.0,0.0
2031,Latin America & Caribbean,0.0,0.0,0.0,0.0,0.0,0.0
2032,Latin America & Caribbean,0.0,0.0,0.0,0.0,0.0,0.0
2033,Latin America & Caribbean,0.0008880944559084326,-0.0013115494458410227,0.003087738357657888,0.0008880944559084326,-0.0013115494458410227,0.003087738357657888
2034,Latin America & Caribbean,0.0019945096460852007,-0.002984727303281526,0.006973746595451928,0.0028826041019936336,-0.002560853796478848,0.008326062000466115
2035,Latin America & Caribbean,0.003939636862586054,-0.005752649500337173,0.013631923225509282,0.006822240964579687,-0.004294037586866836,0.01793851951602621
2036,Latin America & Caribbean,0.007876276589279977,-0.005114027721432561,0.020866580899992517,0.014698517553859666,-0.002398840573005043,0.031795875680724374
2037,Latin America & Caribbean,0.011273210979113046,-0.008244581879898112,0.030791003838124203,0.02597172853297271,2.4399325411990283e-05,0.05191905774053343
2038,Latin America & Caribbean,0.017056729220598865,-0.007824609564384334,0.041938068005582065,0.04302845775357158,0.007079258697978661,0.07897765680916449
2039,Latin America & Caribbean,0.022827398266343276,-0.005861900250050169,0.051516696782736716,0.06585585601991485,0.019862152514963455,0.11184955952486625
2040,Latin America & Caribbean,0.028823731810543263,-0.002439515549393099,0.06008697917047962,0.0946795878304581,0.03906653722549716,0.15029263843541904
2041,Latin America & Caribbean,0.03573636485025933,0.0022193680362247712,0.06925336166429388,0.13041595268071743,0.06548367663080565,0.19534822873062924
2042,Latin America & Caribbean,0.04243277160065463,0.007905621170440585,0.07695992203086868,0.17284872428137207,0.09930741215102876,0.2463900364117154
2043,Latin America & Caribbean,0.04879750445349474,0.013423358649563358,0.08417165025742612,0.2216462287348668,0.14003952079237977,0.30325293667735387
2044,Latin America & Caribbean,0.05517631864731376,0.018129330601430654,0.09222330669319687,0.2768225473821806,0.18720037320367616,0.36644472156068497
2045,Latin America & Caribbean,0.06108880158309629,0.023101052777794406,0.09907655038839817,0.33791134896527686,0.24057069371898782,0.43525200421156585
2046,Latin America & Caribbean,0.07029482276933763,0.03147022722095141,0.10911941831772384,0.4082061717346145,0.30340849817612053,0.5130038452931085
2047,Latin America & Caribbean,0.0759659322583747,0.035248878322114215,0.11668298619463517,0.48417210399298916,0.37174243324491213,0.5966017747410662
2048,Latin America & Caribbean,0.08126881505815273,0.039202212800648645,0.1233354173156568,0.5654409190511419,0.44539913511732965,0.6854827029849542
2049,Latin America & Caribbean,0.0865154296794998,0.04276533651091157,0.130265522848088,0.6519563487306416,0.5241905452374055,0.7797221522238776
2050,Latin America & Caribbean,0.09195363905873902,0.04554346267188595,0.1383638154455921,0.7439099877893807,0.6079761619235168,0.8798438136552446
2051,Latin America & Caribbean,0.09710526837753876,0.04854025402710153,0.145670282727976,0.8410152561669195,0.6966664922879406,0.9853640200458983
2052,Latin America & Caribbean,0.10215780364860866,0.05151024992034991,0.1528053573768674,0.9431730598155281,0.7901967860602622,1.0961493335707941
2053,Latin America & Caribbean,0.10740767826775022,0.054096487025071596,0.16071886951042885,1.0505807380832783,0.888581283010863,1.2125801931556939
2054,Latin America & Caribbean,0.11244591504180947,0.057324649881930825,0.16756718020168812,1.163026653125088,0.9919062939722824,1.3341470122778936
2055,Latin America & Caribbean,0.11748542041950996,0.06079534140728235,0.17417549943173757,1.2805120735445978,1.1002457639496053,1.4607783831395904
2056,Latin America & Caribbean,0.13060803080476455,0.06153178286813408,0.199684278741395,1.4111201043493624,1.2180722594921856,1.604167949206539
2057,Latin America & Caribbean,0.13577781864078708,0.06527478994510313,0.20628084733647106,1.5468979229901494,1.3413787086590678,1.7524171373212312
2058,Latin America & Caribbean,0.14089219129747554,0.06925033326378355,0.21253404933116754,1.687790114287625,1.4701419962581215,1.9054382323171286
2059,Latin America & Caribbean,0.1463328858005634,0.0729520892700475,0.2197136823310793,1.8341230000881885,1.6044374659741794,2.0638085342021975
2060,Latin America & Caribbean,0.15121432486524647,0.0771536679382056,0.22527498179228736,1.985337324953435,1.7440067933464654,2.226667856560405
2061,Latin America & Caribbean,0.15535207786311914,0.08189003482172708,0.22881412090451114,2.140689402816554,1.8884254591909977,2.3929533464421104
2062,Latin America & Caribbean,0.15939320386734776,0.08633954722831115,0.23244686050638436,2.300082606683902,2.037453716418851,2.562711496948953
2063,Latin America & Caribbean,0.16281110056383383,0.09101072823914061,0.23461147288852705,2.4628937072477357,2.190626875871204,2.735160538624267
2064,Latin America & Caribbean,0.16542198092660546,0.09610050656039149,0.23474345529281945,2.6283156881743412,2.3473624994112976,2.9092688769373845
2065,Latin America & Caribbean,0.16782934101950078,0.10101912755025054,0.23463955448875107,2.796145029193842,2.507357392858889,3.0849326655287954
2066,Latin America & Caribbean,0.17025180211946048,0.10563766314378377,0.23486594109513717,2.9663968313133027,2.670468992380401,3.262324670246204
2067,Latin America & Caribbean,0.17263145329402968,0.11000630545187805,0.23525660113618133,3.139028284607332,2.8365465578902485,3.441510011324416
2068,Latin America & Caribbean,0.17495760468412155,0.11410985504549137,0.23580535432275174,3.313985889291454,3.0054447354175595,3.622527043165348
2069,Latin America & Caribbean,0.17717941594917197,0.11794468243082952,0.2364141494675144,3.4911653052406257,3.1769895625601587,3.805341047921093
2070,Latin America & Caribbean,0.1792004801214722,0.12150894619332045,0.2368920140496239,3.6703657853620983,3.350937060329727,3.989794510394469
2071,Latin America & Caribbean,0.18106516484625867,0.12480892814664868,0.23732140154586867,3.851430950208357,3.527086265430868,4.175775634985846
2072,Latin America & Caribbean,0.1827093522275549,0.12766712387124876,0.2377515805838611,4.034140302435912,3.7051583554451435,4.36312224942668
2073,Latin America & Caribbean,0.18402029119719976,0.12979464130823798,0.23824594108616157,4.218160593633112,3.884739624658878,4.551581562607344
2074,Latin America & Caribbean,0.1848100418725591,0.13147811370169848,0.23814197004341972,4.40297063550567,4.065311284807162,4.74062998620418
2075,Latin America & Caribbean,0.18545365493566687,0.1328074141137185,0.23809989575761523,4.5884242904413375,4.2466854079786875,4.930163172903988
2076,Latin America & Caribbean,0.18601226411431968,0.13392883016231016,0.23809569806632921,4.774436554555657,4.428751513110335,5.12012159600098
2077,Latin America & Caribbean,0.18601226411431968,0.13392883016231016,0.23809569806632921,4.9604488186699776,4.610862159926701,5.310035477413253
2078,Latin America & Caribbean,0.18601226411431968,0.13392883016231016,0.23809569806632921,5.146461082784297,4.793015873362071,5.499906292206523
2079,Latin America & Caribbean,0.18601226411431968,0.13392883016231016,0.23809569806632921,5.332473346898617,4.975211258011824,5.689735435785409
2080,Latin America & Caribbean,0.18601226411431968,0.13392883016231016,0.23809569806632921,5.518485611012936,5.157446992236513,5.87952422978936
2081,Latin America & Caribbean,0.18601226411431968,0.13392883016231016,0.23809569806632921,5.704497875127257,5.339721822815401,6.069273927439112
2082,Latin America & Caribbean,0.18601226411431968,0.13392883016231016,0.23809569806632921,5.890510139241576,5.522034560088148,6.258985718395004
2083,Latin America & Caribbean,0.18601226411431968,0.13392883016231016,0.23809569806632921,6.076522403355896,5.704384073531235,6.4486607331805565
2084,Latin America & Caribbean,0.18601226411431968,0.13392883016231016,0.23809569806632921,6.262534667470216,5.886769287722532,6.638300047217899
2085,Latin America & Caribbean,0.18601226411431968,0.13392883016231016,0.23809569806632921,6.448546931584535,6.069189178653144,6.827904684515928
2086,Latin America & Caribbean,0.18601226411431968,0.13392883016231016,0.23809569806632921,6.634559195698856,6.2516427703507285,7.017475621046983
2087,Latin America & Caribbean,0.18601226411431968,0.13392883016231016,0.23809569806632921,6.820571459813175,6.43412913178269,7.20701378784366
2088,Latin America & Caribbean,0.18601226411431968,0.13392883016231016,0.23809569806632921,7.006583723927495,6.616647374011442,7.396520073843548
2089,Latin America & Caribbean,0.18601226411431968,0.13392883016231016,0.23809569806632921,7.192595988041814,6.799196647577081,7.585995328506549
2090,Latin America & Caribbean,0.18601226411431968,0.13392883016231016,0.23809569806632921,7.378608252156135,6.981776140085651,7.775440364226618
2091,Latin America & Caribbean,0.18601226411431968,0.13392883016231016,0.23809569806632921,7.5646205162704545,7.1643850739836,7.964855958557309
2092,Latin America & Caribbean,0.18601226411431968,0.13392883016231016,0.23809569806632921,7.750632780384774,7.347022704501146,8.154242856268402
2093,Latin America & Caribbean,0.18601226411431968,0.13392883016231016,0.23809569806632921,7.936645044499094,7.529688317749159,8.343601771249029
2094,Latin America & Caribbean,0.18601226411431968,0.13392883016231016,0.23809569806632921,8.122657308613414,7.712381228955759,8.532933388271069
2095,Latin America & Caribbean,0.18601226411431968,0.13392883016231016,0.23809569806632921,8.308669572727734,7.895100780830317,8.722238364625149
2096,Latin America & Caribbean,0.18601226411431968,0.13392883016231016,0.23809569806632921,8.494681836842053,8.077846342043781,8.911517331640328
2097,Latin America & Caribbean,0.18601226411431968,0.13392883016231016,0.23809569806632921,8.680694100956373,8.260617305815348,9.1007708960974
2098,Latin America & Caribbean,0.18601226411431968,0.13392883016231016,0.23809569806632921,8.866706365070693,8.443413088596582,9.289999641544803
2099,Latin America & Caribbean,0.18601226411431968,0.13392883016231016,0.23809569806632921,9.05271862918501,8.626233128844822,9.4792041295252
2100,Latin America & Caribbean,0.18601226411431968,0.13392883016231016,0.23809569806632921,9.23873089329933,8.809076885878644,9.668384900720014
2026,Middle East & North Africa,0.0,0.0,0.0,0.0,0.0,0.0
2027,Middle East & North Africa,0.0,0.0,0.0,0.0,0.0,0.0
2028,Middle East & North Africa,0.0,0.0,0.0,0.0,0.0,0.0
2029,Middle East & North Africa,0.0,0.0,0.0,0.0,0.0,0.0
2030,Middle East & North Africa,0.0,0.0,0.0,0.0,0.0,0.0
2031,Middle East & North Africa,0.0,0.0,0.0,0.0,0.0,0.0
2032,Middle East & North Africa,0.0,0.0,0.0,0.0,0.0,0.0
2033,Middle East & North Africa,0.0,0.0,0.0,0.0,0.0,0.0
2034,Middle East & North Africa,0.0,0.0,0.0,0.0,0.0,0.0
2035,Middle East & North Africa,0.0,0.0,0.0,0.0,0.0,0.0
2036,Middle East & North Africa,3.165662699750649e-05,-4.6150551551760885e-05,0.00010946380554677388,3.165662699750649e-05,-4.6150551551760885e-05,0.00010946380554677388
2037,Middle East & North Africa,6.043660208863606e-05,-9.040249752894356e-05,0.00021127570170621565,9.209322908614254e-05,-7.763122703977847e-05,0.00026181768521206354
2038,Middle East & North Africa,0.00011148846609524537,-0.00016125615571527038,0.00038423308790576117,0.00020358169518138792,-0.00011765967782931405,0.0005248230681920899
2039,Middle East & North Africa,0.00022488750098054451,-0.00010239609618663412,0.0005521710981477231,0.0004284691961619324,-3.0127110744794657e-05,0.0008870655030686595
2040,Middle East & North Africa,0.00029910618901526036,-0.0001706898636997238,0.0007689022417302446,0.0007275753851771927,7.105508552525565e-05,0.00138409568482913
2041,Middle East & North Africa,0.00043621974380881815,-0.000136971689659404,0.0010094111772770403,0.0011637951289860107,0.0002922635327392514,0.00203532672523277
2042,Middle East & North Africa,0.0005788102851902973,-8.837331279195915e-05,0.0012459938831725537,0.001742605414176308,0.0006450165673520642,0.002840194261000552
2043,Middle East & North Africa,0.0007384896571445575,-4.9518823784242965e-05,0.0015264981380733577,0.0024810950713208654,0.001129925710104926,0.0038322644325368047
2044,Middle East & North Africa,0.0009172864113689484,-2.052199844830623e-05,0.001855094821186203,0.0033983814826898137,0.001753649511755748,0.00504311345362388
2045,Middle East & North Africa,0.001096626921361956,5.011686162583495e-05,0.0021431369810980773,0.0044950084040517695,0.0025455657756726846,0.006444451032430854
2046,Middle East & North Africa,0.0014107940301922768,0.00029643885303534125,0.002525149207349212,0.005905802434244046,0.0036603372213765604,0.008151267647111531
2047,Middle East & North Africa,0.0016237678953915078,0.0003907506964486577,0.0028567850943343577,0.007529570329635554,0.0049678432881483285,0.01009129737112278
2048,Middle East & North Africa,0.001837579863253006,0.0005323484050728702,0.003142811321433142,0.00936715019288856,0.006492072003602235,0.012242228382174885
2049,Middle East & North Africa,0.0020500263333160054,0.0006702334971918629,0.0034298191694401474,0.011417176526204565,0.008228148011887166,0.014606205040521965
2050,Middle East & North Africa,0.0022700390957019045,0.0007828253755488265,0.0037572528158549825,0.01368721562190647,0.010168450566586494,0.017205980677226448
2051,Middle East & North Africa,0.002480971994240216,0.00091750971462059,0.0040444342738598415,0.016168187616146686,0.012317717279378153,0.02001865795291522
2052,Middle East & North Africa,0.0026919141178633646,0.0010589953402808448,0.004324832895445884,0.01886010173401005,0.014677692673610056,0.02304251079441005
2053,Middle East & North Africa,0.002912337498407964,0.0011864473900736136,0.004638227606742314,0.021772439232418016,0.017247923544019713,0.026296954920816316
2054,Middle East & North Africa,0.0031230828572697965,0.0013392261150855208,0.004906939599454072,0.024895522089687813,0.020032047293701033,0.029758996885674592
2055,Middle East & North Africa,0.0033304479449853814,0.0014983315066572904,0.005162564383313473,0.028225970034673194,0.02302885182024025,0.03342308824910614
2056,Middle East & North Africa,0.003805597387496372,0.001548999581893221,0.006062195193099523,0.03203156742216957,0.02636568078448932,0.03769745405984981
2057,Middle East & North Africa,0.004011452617802751,0.0016994920481170747,0.0063234131874884275,0.03604302003997232,0.029923589260330726,0.04216245081961391
2058,Middle East & North Africa,0.004216167623918461,0.0018426133464606292,0.006589721901376292,0.04025918766389078,0.03369556115296991,0.04682281417481165
2059,Middle East & North Africa,0.0044370075781735175,0.0019605361310514463,0.006913479025295588,0.0446961952420643,0.037680918782560066,0.05171147170156853
2060,Middle East & North Africa,0.004637374772166865,0.0020936561673608996,0.00718109337697283,0.04933357001423116,0.041871358000108924,0.05679578202835339
2061,Middle East & North Africa,0.0048182481392986636,0.002243404937886663,0.007393091340710664,0.054151818153529825,0.04625786948030121,0.062045766826758435
2062,Middle East & North Africa,0.005001028950176716,0.002386311690362748,0.007615746209990684,0.05915284710370654,0.05083712873399626,0.0674685654734168
2063,Middle East & North Africa,0.005163868332335974,0.002544215683216996,0.0077835209814549515,0.0643167154360425,0.05559812885297912,0.0730353020191059
2064,Middle East & North Africa,0.005313481017557281,0.0027086618926366623,0.0079183001424779,0.0696301964535998,0.06053080995340512,0.07872958295379448
2065,Middle East & North Africa,0.005471154129916787,0.0028591609701565544,0.00808314728967702,0.07510135058351658,0.06563449561755458,0.0845682055494786
2066,Middle East & North Africa,0.005608884035227889,0.0030269601523488735,0.008190807918106904,0.08071023461874448,0.07089760633252369,0.09052286290496526
2067,Middle East & North Africa,0.005713455669792153,0.0032235264683158574,0.008203384871268449,0.08642369028853664,0.07630008315906422,0.09654729741800906
2068,Middle East & North Africa,0.0058090241587595345,0.0034212291132759134,0.008196819204243155,0.09223271444729617,0.0818313209593475,0.10263410793524484
2069,Middle East & North Africa,0.0059031917871032085,0.003607671009302422,0.008198712564903995,0.09813590623439938,0.08748422082163694,0.10878759164716181
2070,Middle East & North Africa,0.005994108536303817,0.003786996224919237,0.008201220847688397,0.1041300147707032,0.09325206703744388,0.11500796250396252
2071,Middle East & North Africa,0.00608042324634532,0.0039540643023275755,0.008206782190363065,0.11021043801704852,0.09912661425237572,0.12129426178172133
2072,Middle East & North Africa,0.006156179291063217,0.004093352097422935,0.0082190064847035,0.11636661730811174,0.1050924696561982,0.12764076496002527
2073,Middle East & North Africa,0.006223641521406256,0.004211062909511211,0.0082362201333013,0.12259025882951799,0.1111378844928922,0.1340426331661438
2074,Middle East & North Africa,0.0062846737194239815,0.0043121812344099775,0.008257166204437985,0.12887493254894197,0.11725393411723906,0.1404959309806449
2075,Middle East & North Africa,0.00634061724579533,0.004399913634478992,0.008281320857111668,0.13521554979473732,0.12343361722590049,0.14699748236357416
2076,Middle East & North Africa,0.006392527038986899,0.0044767685623223405,0.008308285515651458,0.1416080768337242,0.12967140788474477,0.15354474578270363
2077,Middle East & North Africa,0.006424614903504415,0.0045467427672645075,0.008302487039744321,0.1480326917372286,0.13594921254630035,0.16011617092815686
2078,Middle East & North Africa,0.006454778393095874,0.0046101002160631645,0.008299456570128583,0.1544874701303245,0.14226399652686722,0.16671094373378176
2079,Middle East & North Africa,0.006483493359125305,0.00466811521857022,0.00829887149968039,0.1609709634894498,0.14861341904374287,0.17332850793515672
2080,Middle East & North Africa,0.006483493359125305,0.00466811521857022,0.00829887149968039,0.16745445684857513,0.154964280607992,0.17994463308915823
2081,Middle East & North Africa,0.006483493359125305,0.00466811521857022,0.00829887149968039,0.17393795020770042,0.16131653585296057,0.18655936456244027
2082,Middle East & North Africa,0.006483493359125305,0.00466811521857022,0.00829887149968039,0.18042144356682574,0.16767014174672762,0.1931727453869239
2083,Middle East & North Africa,0.006483493359125305,0.00466811521857022,0.00829887149968039,0.18690493692595106,0.17402505742727392,0.1997848164246282
2084,Middle East & North Africa,0.006483493359125305,0.00466811521857022,0.00829887149968039,0.19338843028507638,0.18038124405231842,0.20639561651783433
2085,Middle East & North Africa,0.006483493359125305,0.00466811521857022,0.00829887149968039,0.1998719236442017,0.18673866466225617,0.21300518262614723
2086,Middle East & North Africa,0.006483493359125305,0.00466811521857022,0.00829887149968039,0.20635541700332702,0.19309728405482862,0.21961354995182542
2087,Middle East & North Africa,0.006483493359125305,0.00466811521857022,0.00829887149968039,0.21283891036245234,0.199457068670321,0.22622075205458364
2088,Middle East & North Africa,0.006483493359125305,0.00466811521857022,0.00829887149968039,0.21932240372157766,0.20581798648622576,0.23282682095692953
2089,Middle East & North Africa,0.006483493359125305,0.00466811521857022,0.00829887149968039,0.22580589708070295,0.21218000692043545,0.23943178724097047
2090,Middle East & North Africa,0.006483493359125305,0.00466811521857022,0.00829887149968039,0.23228939043982827,0.21854310074213604,0.24603568013752053
2091,Middle East & North Africa,0.006483493359125305,0.00466811521857022,0.00829887149968039,0.2387728837989536,0.2249072399896642,0.252638527608243
2092,Middle East & North Africa,0.006483493359125305,0.00466811521857022,0.00829887149968039,0.2452563771580789,0.23127239789467574,0.2592403564214821
2093,Middle East & North Africa,0.006483493359125305,0.00466811521857022,0.00829887149968039,0.2517398705172042,0.23763854881204144,0.265841192222367
2094,Middle East & North Africa,0.006483493359125305,0.00466811521857022,0.00829887149968039,0.25822336387632955,0.24400566815495114,0.2724410595977079
2095,Middle East & North Africa,0.006483493359125305,0.00466811521857022,0.00829887149968039,0.26470685723545484,0.25037373233476046,0.2790399821361493
2096,Middle East & North Africa,0.006483493359125305,0.00466811521857022,0.00829887149968039,0.2711903505945802,0.25674271870516274,0.2856379824839976
2097,Middle East & North Africa,0.006483493359125305,0.00466811521857022,0.00829887149968039,0.2776738439537055,0.2631126055103135,0.29223508239709745
2098,Middle East & North Africa,0.006483493359125305,0.00466811521857022,0.00829887149968039,0.2841573373128308,0.26948337183656906,0.29883130278909253
2099,Middle East & North Africa,0.006483493359125305,0.00466811521857022,0.00829887149968039,0.2906408306719561,0.2758549975675373,0.30542666377637495
2100,Middle East & North Africa,0.006483493359125305,0.00466811521857022,0.00829887149968039,0.2971243240310814,0.2822274633421667,0.3120211847199962
2026,South Asia,0.0,0.0,0.0,0.0,0.0,0.0
2027,South Asia,0.0,0.0,0.0,0.0,0.0,0.0
2028,South Asia,0.0,0.0,0.0,0.0,0.0,0.0
2029,South Asia,0.0,0.0,0.0,0.0,0.0,0.0
2030,South Asia,0.0,0.0,0.0,0.0,0.0,0.0
2031,South Asia,0.0,0.0,0.0,0.0,0.0,0.0
2032,South Asia,0.0,0.0,0.0,0.0,0.0,0.0
2033,South Asia,0.0,0.0,0.0,0.0,0.0,0.0
2034,South Asia,0.0,0.0,0.0,0.0,0.0,0.0
2035,South Asia,0.0,0.0,0.0,0.0,0.0,0.0
2036,South Asia,0.0,0.0,0.0,0.0,0.0,0.0
2037,South Asia,0.0,0.0,0.0,0.0,0.0,0.0
2038,South Asia,0.0,0.0,0.0,0.0,0.0,0.0
2039,South Asia,0.0010126354833763704,-0.0019801354991307325,0.004005406465883473,0.0010126354833763704,-0.0019801354991307325,0.004005406465883473
2040,South Asia,0.009384281368363154,-0.01359580943980607,0.032364372176532374,0.010396916851739523,-0.012777233654922853,0.0335710673584019
2041,South Asia,0.018058225112621288,-0.026061553216057787,0.06217800344130036,0.02845514196436081,-0.021380548975739738,0.07829083290446136
2042,South Asia,0.02877277695920598,-0.03191319852648135,0.0894587524448933,0.05722791892356679,-0.021298406039000153,0.13575424388613372
2043,South Asia,0.04623530866541573,-0.024696216770393624,0.1171668341012251,0.10346322758898252,-0.0023557925008743552,0.20928224767883938
2044,South Asia,0.06676973582047363,-0.01555517232249146,0.14909464396343872,0.17023296340945615,0.03616187960118237,0.3043040472177299
2045,South Asia,0.08617100224518472,-0.004244255037155643,0.17658625952752507,0.2564039656546409,0.094694428944659,0.41811350236462275
2046,South Asia,0.11750917110525548,0.025529912202134,0.20948843000837697,0.3739131367598964,0.18787508062265218,0.5599511928971406
2047,South Asia,0.13467149420923824,0.04125210319935979,0.2280908852191167,0.5085846309691346,0.3004084052660515,0.7167608566722177
2048,South Asia,0.1508689578447826,0.060599300130711554,0.24113861555885363,0.6594535888139171,0.4325484278946544,0.88635874973318
2049,South Asia,0.1661530582502396,0.08105007801755816,0.25125603848292105,0.8256066470641568,0.5832670727138648,1.0679462214144488
2050,South Asia,0.17898645714830524,0.0942039489585695,0.26376896533804095,1.0045931042124618,0.74785093200224,1.261335276422684
2051,South Asia,0.18998613466472727,0.10553619064368172,0.27443607868577286,1.1945792388771892,0.9243046821087412,1.4648537956456371
2052,South Asia,0.1996809878671741,0.1157554144873948,0.2836065612469534,1.3942602267443633,1.1112552128249882,1.6772652406637385
2053,South Asia,0.20886312680044405,0.12447821186289049,0.2932480417379977,1.6031233535448075,1.3078054709631326,1.8984412361264822
2054,South Asia,0.21703612085562363,0.1325699660201042,0.301502275691143,1.8201594744004312,1.5129996087193467,2.1273193400815154
2055,South Asia,0.2243669900349266,0.1401103137551581,0.3086236663146951,2.044526464435358,1.7260199957680236,2.363032933102692
2056,South Asia,0.2370076200236202,0.14509317531175916,0.3289220647354812,2.281534084458978,1.9500304860929494,2.613037682825007
2057,South Asia,0.24282381803285996,0.15159062236806392,0.334057013697656,2.524357902491838,2.180529265347059,2.8681865396366173
2058,South Asia,0.24772515170517478,0.15770779113303815,0.3377425122773114,2.772083054197013,2.416666035857696,3.12750007253633
2059,South Asia,0.25228326143595226,0.16299842149741295,0.34156810137449156,3.024366315632965,2.6579061683207903,3.3908264629451397
2060,South Asia,0.25616260296199705,0.16788085089357352,0.34444435503042053,3.280528918594962,2.903585013860675,3.6574728233292495
2061,South Asia,0.2594581723126677,0.17256852356341784,0.3463478210619175,3.53998709090763,3.1531582936651037,3.926815888150156
2062,South Asia,0.2625071456631082,0.17684303239248675,0.3481712589337296,3.8024942365707384,3.406293708203421,4.198694764938056
2063,South Asia,0.2651066907782642,0.18069090791263448,0.3495224736438939,4.067600927349003,3.6625072553725584,4.472694599325446
2064,South Asia,0.2672065430365758,0.18417018050660366,0.3502429055665479,4.334807470385578,3.921290940392438,4.748324000378719
2065,South Asia,0.2690004799651328,0.18716142973178404,0.35083953019848163,4.603807950350711,4.182270821830976,5.025345078870446
2066,South Asia,0.2705284987723216,0.1897343997734828,0.35132259777116037,4.8743364491230325,4.445126433916376,5.303546464329689
2067,South Asia,0.27180772862372665,0.19185910710282048,0.3517563501446328,5.146144177746759,4.709551668378136,5.582736687115382
2068,South Asia,0.2728578730240605,0.19356382109009265,0.35215192495802833,5.419002050770819,4.975267258458004,5.862736843083636
2069,South Asia,0.27370698572956276,0.19493395107912778,0.3524800203799977,5.692709036500382,5.242036475879107,6.143381597121658
2070,South Asia,0.2743753084370564,0.19602475555564183,0.3527258613184709,5.967084344937439,5.509651764075778,6.4245169257991
2071,South Asia,0.27489949179285955,0.19690164456097645,0.3528973390247427,6.241983836730299,5.777949107203976,6.706018566256622
2072,South Asia,0.2752818895009745,0.1975728665780586,0.35299091242389036,6.517265726231273,6.046769262429256,6.9877621900332905
2073,South Asia,0.27553068397263636,0.19804810777786952,0.35301326016740314,6.79279641020391,6.315962610999218,7.269630209408602
2074,South Asia,0.27568980050945263,0.1983651154038174,0.35301448561508786,7.068486210713362,6.585423503613481,7.5515489178132436
2075,South Asia,0.27577418083733235,0.19853254038684792,0.35301582128781683,7.344260391550695,6.855061198981709,7.833459584119681
2076,South Asia,0.27579390719353997,0.19857161317934877,0.3530162012077312,7.620054298744235,7.124797665570118,8.115310931918351
2077,South Asia,0.27579390719353997,0.19857161317934877,0.3530162012077312,7.895848205937774,7.394607330314311,8.397089081561239
2078,South Asia,0.27579390719353997,0.19857161317934877,0.3530162012077312,8.171642113131314,7.664487602071233,8.678796624191397
2079,South Asia,0.27579390719353997,0.19857161317934877,0.3530162012077312,8.447436020324854,7.934436039056429,8.960436001593278
2080,South Asia,0.27579390719353997,0.19857161317934877,0.3530162012077312,8.723229927518394,8.204450337061889,9.2420095179749
2081,South Asia,0.27579390719353997,0.19857161317934877,0.3530162012077312,8.999023834711934,8.474528318842607,9.523519350581264
2082,South Asia,0.27579390719353997,0.19857161317934877,0.3530162012077312,9.274817741905476,8.744667924533209,9.804967559277742
2083,South Asia,0.27579390719353997,0.19857161317934877,0.3530162012077312,9.550611649099016,9.014867202975063,10.08635609522297
2084,South Asia,0.27579390719353997,0.19857161317934877,0.3530162012077312,9.826405556292556,9.285124303850285,10.36768680873483
2085,South Asia,0.27579390719353997,0.19857161317934877,0.3530162012077312,10.102199463486098,9.555437470532773,10.648961456439421
2086,South Asia,0.27579390719353997,0.19857161317934877,0.3530162012077312,10.377993370679638,9.82580503357797,10.930181707781305
2087,South Asia,0.27579390719353997,0.19857161317934877,0.3530162012077312,10.653787277873178,10.096225404782919,11.211349150963438
2088,South Asia,0.27579390719353997,0.19857161317934877,0.3530162012077312,10.92958118506672,10.366697071756766,11.492465298376672
2089,South Asia,0.27579390719353997,0.19857161317934877,0.3530162012077312,11.20537509226026,10.63721859294907,11.77353159157145
2090,South Asia,0.27579390719353997,0.19857161317934877,0.3530162012077312,11.4811689994538,10.907788593089613,12.054549405817987
2091,South Asia,0.27579390719353997,0.19857161317934877,0.3530162012077312,11.75696290664734,11.178405758998835,12.335520054295847
2092,South Asia,0.27579390719353997,0.19857161317934877,0.3530162012077312,12.032756813840882,11.449068835732723,12.61644479194904
2093,South Asia,0.27579390719353997,0.19857161317934877,0.3530162012077312,12.308550721034422,11.7197766230301,12.897324819038744
2094,South Asia,0.27579390719353997,0.19857161317934877,0.3530162012077312,12.584344628227962,11.990527972033798,13.178161284422126
2095,South Asia,0.27579390719353997,0.19857161317934877,0.3530162012077312,12.860138535421504,12.261321782260378,13.458955288582628
2096,South Asia,0.27579390719353997,0.19857161317934877,0.3530162012077312,13.135932442615044,12.5321569987957,13.739707886434386
2097,South Asia,0.27579390719353997,0.19857161317934877,0.3530162012077312,13.411726349808584,12.803032609696151,14.020420089921016
2098,South Asia,0.27579390719353997,0.19857161317934877,0.3530162012077312,13.687520257002125,13.073947643577377,14.301092870426872
2099,South Asia,0.27579390719353997,0.19857161317934877,0.3530162012077312,13.963314164195666,13.344901167374214,14.581727161017117
2100,South Asia,0.27579390719353997,0.19857161317934877,0.3530162012077312,14.239108071389206,13.61589228425725,14.862323858521162
2026,Sub-Saharan Africa,0.0,0.0,0.0,0.0,0.0,0.0
2027,Sub-Saharan Africa,0.0,0.0,0.0,0.0,0.0,0.0
2028,Sub-Saharan Africa,0.0,0.0,0.0,0.0,0.0,0.0
2029,Sub-Saharan Africa,0.0,0.0,0.0,0.0,0.0,0.0
2030,Sub-Saharan Africa,0.0,0.0,0.0,0.0,0.0,0.0
2031,Sub-Saharan Africa,0.0,0.0,0.0,0.0,0.0,0.0
2032,Sub-Saharan Africa,0.0,0.0,0.0,0.0,0.0,0.0
2033,Sub-Saharan Africa,0.0,0.0,0.0,0.0,0.0,0.0
2034,Sub-Saharan Africa,0.0,0.0,0.0,0.0,0.0,0.0
2035,Sub-Saharan Africa,0.0,0.0,0.0,0.0,0.0,0.0
2036,Sub-Saharan Africa,0.0008035940504354986,-0.0011642854976764991,0.0027714735985474963,0.0008035940504354986,-0.0011642854976764991,0.0027714735985474963
2037,Sub-Saharan Africa,0.0012523915466486387,-0.0019015649879774396,0.004406348081274717,0.0020559855970841375,-0.00166153935080633,0.005773510544974604
2038,Sub-Saharan Africa,0.0022935520699062257,-0.003321928461601487,0.00790903260141394,0.004349537666990363,-0.0023849714716128482,0.011084046805593575
2039,Sub-Saharan Africa,0.0049248879098557664,-0.0015428187200793306,0.011392594539790864,0.009274425576846131,-6.285681091726943e-05,0.01861170796460953
2040,Sub-Saharan Africa,0.006300735435516728,-0.0034893506545166635,0.01609082152555012,0.015575161012362858,0.002046279756357178,0.02910404226836854
2041,Sub-Saharan Africa,0.009097542258493161,-0.003048218007812757,0.021243302524799078,0.02467270327085602,0.006491665883355893,0.04285374065835614
2042,Sub-Saharan Africa,0.012085874343518715,-0.0018690099967948663,0.026040758683832294,0.03675857761437473,0.01383939531139528,0.05967775991735419
2043,Sub-Saharan Africa,0.01550261104689911,-0.0011278833592147175,0.032133105453012935,0.05226118866127384,0.02394401610416656,0.08057836121838113
2044,Sub-Saharan Africa,0.019419382437361236,-0.0008919725134112574,0.039730737388133736,0.07168057109863507,0.036832136391101084,0.10652900580616906
2045,Sub-Saharan Africa,0.02338509119322624,0.00010096728457386791,0.04666921510187862,0.09506566229186132,0.05315428164461067,0.13697704293911198
2046,Sub-Saharan Africa,0.030357041096012193,0.004983747785988182,0.055730334406036204,0.1254227033878735,0.07642915441298044,0.1744162523627666
2047,Sub-Saharan Africa,0.035417988129524076,0.006536044129165511,0.06429993212988264,0.16084069151739758,0.10396772315460598,0.21771365988018918
2048,Sub-Saharan Africa,0.040404234946847604,0.00904880931201174,0.07175966058168345,0.2012449264642452,0.1363011257813716,0.26618872714711883
2049,Sub-Saharan Africa,0.045629905321968554,0.012117120398799848,0.07914269024513726,0.24687483178621375,0.17379402718990833,0.31995563638251917
2050,Sub-Saharan Africa,0.05121391749230437,0.014885529989684485,0.08754230499492424,0.29808874927851814,0.2164765214019071,0.3797009771551292
2051,Sub-Saharan Africa,0.056567719938628566,0.018216899452838293,0.09491854042441884,0.3546564692171467,0.2644825197033475,0.4448304187309458
2052,Sub-Saharan Africa,0.06194270331300944,0.021602499885163957,0.10228290674085493,0.41659917253015616,0.31781317563020506,0.5153851694301073
2053,Sub-Saharan Africa,0.06759519763466516,0.02449437641368595,0.11069601885564438,0.48419437016482125,0.37641517934655633,0.5919735609830862
2054,Sub-Saharan Africa,0.0730154538954981,0.027979842578095698,0.11805106521290049,0.5572098240603194,0.44039989186201656,0.6740197562586223
2055,Sub-Saharan Africa,0.07843497705612762,0.031534602956286475,0.12533535115596878,0.6356448011164471,0.5097710335916877,0.7615185686412065
2056,Sub-Saharan Africa,0.09146239856459423,0.03218618097995532,0.15073861614923317,0.7271071996810413,0.5879746178677988,0.8662397814942839
2057,Sub-Saharan Africa,0.09712455466377222,0.03574949507566115,0.1584996142518833,0.8242317543448135,0.6721634366009035,0.9763000720887237
2058,Sub-Saharan Africa,0.10268960564798536,0.039403356916670754,0.1659758543793,0.9269213599927989,0.7622097254919398,1.091632994493658
2059,Sub-Saharan Africa,0.10857505719340106,0.042650532754278145,0.174499581632524,1.0354964171862,0.8580817462526238,1.2129110881197762
2060,Sub-Saharan Africa,0.11382706324094931,0.046594675842428115,0.1810594506394705,1.1493234804271493,0.9595969420152183,1.3390500188390804
2061,Sub-Saharan Africa,0.11852186574720819,0.051117622518319354,0.18592610897609704,1.2678453461743575,1.066501134976138,1.4691895573725766
2062,Sub-Saharan Africa,0.12337957956463676,0.055397187054650875,0.19136197207462263,1.3912249257389941,1.1787135211640516,1.6037363303139367
2063,Sub-Saharan Africa,0.1278051075833838,0.060085655421993345,0.19552455974477426,1.5190300333223778,1.2959896305352288,1.7420704361095272
2064,Sub-Saharan Africa,0.1319702716734918,0.06495612724097291,0.19898441610601067,1.6510003049958697,1.4181099513324422,1.883890658659297
2065,Sub-Saharan Africa,0.13634423366551096,0.06949792949773866,0.20319053783328325,1.7873445386613804,1.5450506154805326,2.0296384618422283
2066,Sub-Saharan Africa,0.1401725070855953,0.07446068941103146,0.20588432476015917,1.927517045746976,1.6764704600453144,2.1785636314486374
2067,Sub-Saharan Africa,0.1430560805452816,0.08006875482418764,0.20604340626637555,2.0705731262922575,1.8117454009729692,2.329400851611546
2068,Sub-Saharan Africa,0.14558414593472171,0.08553775064975465,0.20563054121968877,2.216157272226979,1.9504556332017835,2.481858911252175
2069,Sub-Saharan Africa,0.14806269872132435,0.09062034611631611,0.2055050513263326,2.364219970948304,2.0923799723214027,2.636059969575205
2070,Sub-Saharan Africa,0.1503679639020533,0.09522517825858497,0.20551074954552162,2.5145879348503573,2.237211454841696,2.791964414859018
2071,Sub-Saharan Africa,0.15241136829175067,0.0991148085732586,0.20570792801024274,2.666999303142108,2.384548891671666,2.9494497146125496
2072,Sub-Saharan Africa,0.1542494070636324,0.10244513088271309,0.20605368324455173,2.8212487102057406,2.5340868778351227,3.108410542576358
2073,Sub-Saharan Africa,0.15592551895991547,0.10533490276347256,0.20651613515635836,2.977174229165656,2.685590058783266,3.2687583995480463
2074,Sub-Saharan Africa,0.15747038362016386,0.10786818597402516,0.20707258126630257,3.13464461278582,2.838871547026084,3.430417678545556
2075,Sub-Saharan Africa,0.15890464538768473,0.11010675636423352,0.20770253441113595,3.293549258173505,2.9937777778721624,3.5933207384748473
2076,Sub-Saharan Africa,0.1602408491958065,0.1120979863791495,0.2083837120124635,3.4537901073693114,3.150177400714531,3.7574028140240916
2077,Sub-Saharan Africa,0.1610800189638071,0.11393313859868286,0.20822689932893138,3.6148701263331184,3.3076185942451484,3.9221216584210885
2078,Sub-Saharan Africa,0.16186722502841694,0.11558907938016981,0.20814537067666405,3.7767373513615357,3.466020163656952,4.087454539066119
2079,Sub-Saharan Africa,0.16260143928396406,0.11707303628445413,0.208129842283474,3.9393387906454995,3.625303750857371,4.253373830433628
2080,Sub-Saharan Africa,0.16260143928396406,0.11707303628445413,0.208129842283474,4.101940229929464,3.784622027340301,4.419258432518627
2081,Sub-Saharan Africa,0.16260143928396406,0.11707303628445413,0.208129842283474,4.264541669213428,3.9439739272709446,4.585109411155911
2082,Sub-Saharan Africa,0.16260143928396406,0.11707303628445413,0.208129842283474,4.427143108497392,4.103358438301614,4.750927778693169
2083,Sub-Saharan Africa,0.16260143928396406,0.11707303628445413,0.208129842283474,4.589744547781356,4.262774597887677,4.916714497675033
2084,Sub-Saharan Africa,0.16260143928396406,0.11707303628445413,0.208129842283474,4.75234598706532,4.422221489923468,5.082470484207171
2085,Sub-Saharan Africa,0.16260143928396406,0.11707303628445413,0.208129842283474,4.9149474263492845,4.581698241664841,5.248196611033727
2086,Sub-Saharan Africa,0.16260143928396406,0.11707303628445413,0.208129842283474,5.077548865633248,4.74120402090907,5.413893710357427
2087,Sub-Saharan Africa,0.16260143928396406,0.11707303628445413,0.208129842283474,5.240150304917212,4.90073803340627,5.579562576428155
2088,Sub-Saharan Africa,0.16260143928396406,0.11707303628445413,0.208129842283474,5.4027517442011765,5.060299520479527,5.745203967922826
2089,Sub-Saharan Africa,0.16260143928396406,0.11707303628445413,0.208129842283474,5.565353183485141,5.219887756833516,5.910818610136766
2090,Sub-Saharan Africa,0.16260143928396406,0.11707303628445413,0.208129842283474,5.727954622769105,5.379502048533707,6.076407197004502
2091,Sub-Saharan Africa,0.16260143928396406,0.11707303628445413,0.208129842283474,5.8905560620530695,5.5391417311401705,6.2419703929659685
2092,Sub-Saharan Africa,0.16260143928396406,0.11707303628445413,0.208129842283474,6.053157501337033,5.698806167981779,6.407508834692288
2093,Sub-Saharan Africa,0.16260143928396406,0.11707303628445413,0.208129842283474,6.215758940620997,5.858494748558132,6.573023132683863
2094,Sub-Saharan Africa,0.16260143928396406,0.11707303628445413,0.208129842283474,6.3783603799049615,6.01820688705779,6.738513872752133
2095,Sub-Saharan Africa,0.16260143928396406,0.11707303628445413,0.208129842283474,6.540961819188926,6.177942020982679,6.903981617395172
2096,Sub-Saharan Africa,0.16260143928396406,0.11707303628445413,0.208129842283474,6.70356325847289,6.337699609869493,7.069426907076286
2097,Sub-Saharan Africa,0.16260143928396406,0.11707303628445413,0.208129842283474,6.8661646977568545,6.49747913409986,7.234850261413848
2098,Sub-Saharan Africa,0.16260143928396406,0.11707303628445413,0.208129842283474,7.028766137040818,6.657280093791868,7.400252180289769
2099,Sub-Saharan Africa,0.16260143928396406,0.11707303628445413,0.208129842283474,7.191367576324782,6.817102007766243,7.565633144883321
2100,Sub-Saharan Africa,0.16260143928396406,0.11707303628445413,0.208129842283474,7.3539690156087465,6.976944412581129,7.730993618636364
